,X1,X2,X3,X4,X5,Y
0,2.4316572396918334,9.686962565242741,4.744525774805693,6.047314516678126,2.584452986523896,1.0
1,3.6324934525106167,5.654650729126958,0.5034216849247741,6.65201619930736,9.097779152812036,0.0
2,9.357654277580261,4.296938214477837,3.074104054154433,5.462552019272665,3.0682742652582373,1.0
3,1.0053907381945049,2.4282275619811156,3.805776986731021,1.7947469441030794,4.438854234521522,1.0
4,3.045232381275449,6.974471004633318,0.07559606014484022,5.616518908800995,4.685532678859278,0.0
5,9.557564456690889,9.003048812302678,8.52979724230591,8.078934408856972,7.7626885574127416,1.0
6,1.9695661721307167,1.7973210686371721,2.4380712005571734,2.044413099809171,2.1235511520976527,1.0
7,6.201863716421462,6.108310919821895,5.655208599571625,7.594891314851693,3.364541559541494,1.0
8,1.2532293303519326,8.704331206957596,8.269617679694779,9.017171236240317,3.9943834705998893,1.0
9,2.100477369939596,3.6414021827182785,8.260093224681718,0.4497651199150676,6.24334181893155,1.0
10,4.464932186892386,6.62330733219962,6.851899224095942,9.809445868519454,8.107265809365163,1.0
11,2.440848736320672,2.2509269897905435,6.562958277670913,6.146715163025405,7.7393317169387235,1.0
12,6.167139460570881,7.7320013266336165,4.448066062153203,3.7736327381262402,9.967009046123765,1.0
13,4.627266489073786,6.336129943416706,9.164695903056433,5.331717055756662,6.521711152553234,1.0
14,2.2228007923360025,5.634700091092131,5.641560066923573,4.701112997042404,0.0553112094043795,1.0
15,1.7943862654013198,1.4573854085666715,6.664099480139722,3.1160634626226305,9.831557894860538,1.0
16,3.8438232075409307,2.018584981743552,4.448724718960015,4.267277284967562,3.899463716055714,1.0
17,6.487467916505438,1.0590812035773989,0.423509196399664,7.504078923184485,0.6859074813353594,1.0
18,3.3042116614107133,7.479289989521995,2.254876720721751,9.85958112515833,7.914015776566897,1.0
19,6.431686160532544,9.94909600098571,5.716440861110074,1.9435949748960935,3.880329296602479,1.0
20,3.985744043122994,9.605598045027856,9.527053446314635,1.521625260327517,6.681675250100597,1.0
21,2.745624724066824,8.712171068276998,9.854498256074573,9.217708684712187,3.9970330845201474,1.0
22,8.356647587658571,0.5661771617610523,5.644951196107344,8.944156534707997,9.022872748225959,1.0
23,4.357613368355391,3.8554281298695026,1.6788274506521073,3.554372796352423,1.254156590783807,1.0
24,2.1685569614271136,3.5866011101771713,8.94467094211778,9.710927519543073,0.14714120395115993,1.0
25,3.2104766619449663,3.981728286791606,7.764268760484079,8.024818945517197,9.893935458817372,1.0
26,5.082359845176276,3.0462927709530474,3.0357462424100468,6.821602879059293,0.2355702952654526,1.0
27,5.086449096774683,1.6052830052647449,0.8168564520812449,2.793371265823711,1.4694804061030187,1.0
28,5.991501696888911,9.92894555189281,6.073910488655935,7.063551936188011,8.540150564764398,1.0
29,7.370272879287719,2.694485518763994,7.6318074145828625,3.819903230533269,3.3952000443980257,1.0
30,4.749862827849002,0.1926770748494422,1.889494156376128,2.8334977195175637,0.2745776653101728,1.0
31,6.533019206355175,1.29189120374111,8.364953398494437,7.751367440602599,3.9757428751580393,1.0
32,3.748488227034091,7.957523339868713,6.002496033981459,2.630230099318065,7.1160607655887205,1.0
33,4.39744388413613,3.9200555208906094,8.866419714717372,2.67441882104415,5.80245252610311,1.0
34,0.028601200769166057,9.344132503427588,0.9959328396716216,7.42015673434279,1.158809366420287,0.0
35,6.480613812533446,2.707619586027982,5.369609550347235,4.955084400202457,9.354440350302252,1.0
36,5.422511533978909,4.755786424463144,8.058328639251345,8.187712166495544,8.598897831138057,1.0
37,7.755980404474077,4.9053023114039185,8.943079843349802,2.2323765372783577,9.452064520577006,1.0
38,5.298047266252269,0.8997169089758472,9.339352897975084,6.26252664635399,7.188178420943063,1.0
39,2.674754845056536,5.354434017587703,0.6873909042130144,7.047111646614843,1.0748733335732419,1.0
40,5.268598761281769,4.276436414638582,3.8117791306006388,1.147562365802095,8.862532092542715,1.0
41,5.623883255118844,5.0825246840980505,5.0251768878869685,8.811120075700533,7.3904460999182024,1.0
42,8.73897984277226,9.666340059698499,8.407300407533299,5.234821222179933,4.721822420994948,1.0
43,5.896426093905946,9.066694693689609,6.501599878851609,4.296172907619811,3.594743875850205,1.0
44,9.195056514974237,9.234723014725724,5.013634800716029,2.069457624126201,2.609286793913843,1.0
45,5.6947681013859235,9.17480843642944,9.34465306879124,2.6035425311834484,7.473321592802137,1.0
46,8.399014014292405,4.148562636470303,6.675030543559983,9.542294838529497,8.706515637915667,1.0
47,0.670500353970318,4.212619638127615,4.374127626205806,8.168390375061579,7.946390135403757,1.0
48,3.8681603432833986,3.889455581736039,1.9381491524545003,5.73081166611702,4.194086462332671,1.0
49,3.790928068166429,3.6104389914615567,8.124547499207232,3.626640615358405,1.6916263725594183,1.0
50,8.021635995108577,8.389636577019612,1.6531219541069553,5.081758760473033,1.8503464449889706,1.0
51,1.9218235655958271,2.5975361155134857,1.6585294969109199,7.717039042557143,3.041322814936679,1.0
52,5.355738989228687,1.728060895924175,5.37324638867619,2.3735568149685973,8.430162934899403,1.0
53,8.341804355509279,0.6114871470218086,4.997126944318573,7.143977721220357,1.4887300800188896,1.0
54,1.5444222571437294,9.312559322515476,6.162403151974031,1.343912764709272,7.588784999299667,1.0
55,5.50245719422449,6.064790883583909,7.6619269927488265,7.6475518262638085,9.406051463303877,1.0
56,4.165925129901428,8.225973721045058,9.000878904043965,9.055897494305146,4.401961643989308,1.0
57,0.8082776380156365,3.9848425653657458,5.155846250801587,1.052737275231077,6.297096631602782,1.0
58,6.767148330999674,7.9740253408287,0.5709710053310235,3.255688185976122,7.9650579495315785,0.0
59,3.8958195276234853,0.7994020147326897,1.169584079743634,7.691024408970116,0.5707053152657027,1.0
60,2.653053760824633,9.212976127166812,7.55930977094386,6.282290101030786,4.605888046713237,1.0
61,6.190011478055608,3.8837479274098605,0.5981914673554589,4.900246843578616,6.162057217134677,1.0
62,8.855351743688157,6.433244474269259,4.482988198599304,4.032325166808894,9.65606606757196,1.0
63,3.925770379300313,6.338473126966068,2.104606435354931,4.463718541086363,0.573194956436951,1.0
64,2.7059563029541502,9.82411743195028,5.311479801253698,2.492108509751887,8.403018777638085,1.0
65,8.048446883487614,3.4166196092335777,3.525398008724656,5.6266004933252365,3.9197315983190983,1.0
66,4.716237260456172,7.229171748626394,0.43227649742516916,9.716346992947068,3.6067019752212026,1.0
67,4.967618694377914,1.4838410683786551,6.938241818431818,5.85451504533368,2.5979133859146755,1.0
68,0.27118420453605463,4.965946609267152,7.343825553116608,2.6317500485238887,7.88508019651055,1.0
69,5.147959442474372,1.3363177719388775,1.6283677098004312,6.408289124400124,1.9570137576132773,1.0
70,2.8896371349163985,3.5640818651078687,0.03723174031247556,3.995015718477962,8.130583262492392,0.0
71,4.22117734763915,1.5268300328057316,7.1742465272275,1.821621750110044,3.9538593521892427,1.0
72,6.2956317788906135,2.0145621604141217,1.8328606886164156,4.207709946559901,0.10301394908482808,1.0
73,8.446186907640927,5.549979229584009,2.961170007727448,5.435341703924231,6.50757284121706,1.0
74,4.690997390913175,6.9684074239489435,8.009450897602138,7.887657222305709,6.67106260649944,1.0
75,7.981858711008814,8.5575822621927,7.759101707705161,3.9689391188663334,1.5898469394133707,1.0
76,2.673989923695612,0.4341422791850402,9.402342632939234,8.247458575721456,9.057646380206572,1.0
77,3.5557607351940623,8.915712771882928,2.2722219071499996,4.260058298369298,6.4369980002677405,0.0
78,4.076351713981042,6.4263855440880775,6.811127115182343,3.991587232341156,5.115461154439055,1.0
79,4.918150711943287,2.986037562937698,9.207096930183921,8.257546032156224,9.52330307357126,1.0
80,6.314717739967662,4.881134359085122,8.79283769004943,6.07040101138693,2.3889965489455234,1.0
81,3.9790091652662274,5.763398853761595,4.233628808889102,6.3516848712472616,1.1841814971349562,1.0
82,0.6985701330975269,6.0759487752783965,1.7941387266096098,3.570024338329688,5.6105678404071115,0.0
83,5.920532970512594,3.157068467142653,9.779446414231577,1.9574283501921508,5.199366192987231,1.0
84,9.705052902507358,4.718705464647478,0.00979435975455023,5.473215793006069,4.707678082315493,1.0
85,3.7233435860216844,8.783106667788704,1.7310436123739426,4.803675638367738,5.68631109497463,0.0
86,5.104307691962696,4.3083822650784285,8.246927848006273,2.803056961474949,9.490154576845448,1.0
87,0.08068305534976283,9.805104122472471,4.705705854773568,7.34687477058939,8.752667541787204,1.0
88,3.6363927695057843,7.882961798004877,2.5672209947953517,8.507119888061855,4.301481053447116,1.0
89,7.272803784510478,8.900659647876099,9.213389709460326,1.3714686147164412,6.037489745710904,1.0
90,5.1691880863127615,2.982470983507394,5.169528026521205,6.833389757731412,6.196721021490438,1.0
91,7.571046324463085,7.609923712711978,3.6603358976555143,0.0057310638404795,2.878913560352112,1.0
92,4.061025085333581,7.427246424328706,5.16488943198464,3.680167047849329,4.697294864757166,1.0
93,7.414933273668111,2.3134374793276313,8.347457922764693,2.106027558382726,5.716595524422865,1.0
94,6.819836472100594,4.883681692750875,1.9349717106294695,2.24263676225124,0.8838606077662614,1.0
95,9.448666479543563,2.363746054475312,6.757980371224979,9.929314962424804,0.4557030570053566,1.0
96,8.888184201379051,7.777444231986,1.4087182870460757,4.236593167379975,3.1313680700767357,1.0
97,6.088239304297387,4.523818122314861,2.89442330538905,4.382599650926152,3.3269208705181805,1.0
98,8.878657768146676,7.920888597947928,4.688853197859998,8.412672730894004,0.3542044978112635,1.0
99,0.3185423040812818,1.041951369414451,0.6614888564268784,5.961366912664344,3.213642312745215,1.0
100,2.978911925364999,5.090630466284364,0.37205848805370145,7.629977814575179,9.881578839763408,0.0
101,2.3487260845473292,6.903156963884212,5.336894494302276,6.8268671102032386,6.46437666566658,1.0
102,0.24138207964209735,4.768826315783637,0.711660201930927,6.041838508404506,0.7566962953286882,1.0
103,3.5356360329553818,0.5680161156115537,0.9394046565917169,4.562674783739795,7.028278349361524,1.0
104,6.625588345677492,8.640105207114907,7.5241482553794,3.0056900433157665,3.247749438140267,1.0
105,1.586187701235724,1.7508326265249452,0.10341643526588506,3.7396720508889914,4.503764135731762,0.0
106,4.184678653169815,4.3374359854615925,4.180161838481128,3.914838258223244,4.610282726289739,1.0
107,8.656387145364226,1.1521806420028202,3.670022205147739,4.8566206780033045,4.510952132231882,1.0
108,3.465879837614266,3.2974910430192548,2.878940919321481,9.735953148362821,2.7115824669406505,1.0
109,4.850593900211356,8.071050974096968,0.04210479780619725,4.980986731979394,8.5422596235397,0.0
110,4.469830694990613,9.574347010780299,8.418939437594922,8.253807513986434,8.060684793819739,1.0
111,2.072499095076078,8.597253566021166,9.401357115335081,6.296761957738756,2.4703937896587256,1.0
112,3.941136373772385,3.0091991804268057,1.7438941373029404,8.771529627026904,3.178026716208513,1.0
113,3.1809673744561073,8.358728219578733,5.7309766099620045,3.74206184510952,1.7938791587306269,1.0
114,7.868434963115649,2.4056144404323208,1.6490360625841671,0.0739678691819623,8.835720266717455,0.0
115,2.6958575355831838,5.462130499750865,4.066044112225205,8.078592783348121,2.1339977296145776,1.0
116,3.4516303702002937,3.8192296004483994,9.716103479311462,6.83972164454445,1.4623709303209997,1.0
117,3.577445512010847,8.216088541793315,0.6073273154057646,7.455468380859495,4.232289034874079,0.0
118,1.013962711018599,7.467236305476375,7.601874361529196,5.743991831660877,1.453005914968697,1.0
119,5.493050006541208,4.763573457183715,5.916201371021024,0.47486149879386597,7.488175317660111,1.0
120,8.607928655966276,1.4730150203988923,3.8744089723883555,6.821417138348322,4.229341911874739,1.0
121,1.7317961015302097,2.2744414849755157,1.2764590844887436,2.66036886108136,4.114794068331868,1.0
122,1.1159807270275535,2.5955706857116736,4.0912315394455785,1.2791908871149837,9.256280340746766,1.0
123,2.1557585527205925,2.6172470445004237,2.6214462132870198,6.961917231268412,8.359170694515942,1.0
124,5.194847872765406,6.487193980954379,5.835885041041488,9.394335042827503,5.643147501658893,1.0
125,6.153880108710723,1.7129767521997674,9.561261073508241,9.695818815797917,5.222721821631405,1.0
126,8.915011696106493,9.289820311030335,2.9144858485776224,7.841843993382337,4.178126066157642,1.0
127,7.117061810995327,3.04686822829228,3.3219074490133007,5.2775444247877825,2.869517994792167,1.0
128,7.28017573362899,9.610703034460569,1.3674136707904605,8.014986729857903,3.3981065093675697,1.0
129,4.927212907617432,1.753156663246842,5.483743574175049,0.17613257320333697,3.5415525850323237,1.0
130,5.986208845471738,3.9089121033383356,9.387064639246995,8.928124452223372,9.423452924116251,1.0
131,7.822643546809437,9.877897755053924,8.087989824976793,6.92660625012461,2.572961060729769,1.0
132,6.756367057141111,4.006407806717315,3.7268437598593716,5.875495945227257,0.2942483628167569,1.0
133,4.04429591682259,6.53061360724644,8.32816370707029,3.9964005262009716,0.6779216829958368,1.0
134,2.3887566619320166,2.1540945319843963,6.927264368027411,0.6845345923346835,1.1301148369700431,1.0
135,4.02976821450744,8.907206812867098,2.615664285837097,9.904486969610527,7.5648736764123035,1.0
136,1.963189451754127,1.8313148404774893,1.66591586569786,2.8428506936967346,9.955497055240263,0.0
137,2.4514679293018626,0.27169278862824053,2.923917217812615,7.647279740207339,7.768875073916504,1.0
138,5.588230853068653,5.912734244215525,0.19349756676594998,6.231942180201532,4.908168541748451,1.0
139,3.4952002370995174,3.064457685400649,5.807709062508773,8.489300077710872,7.024949172343455,1.0
140,3.5929408634269033,6.969987108984861,1.2174046010003492,9.778600774337123,4.3237459783457055,1.0
141,9.8925935329377,6.968244620362403,8.328309884887833,1.4067655010444768,7.999342385332161,1.0
142,7.667043908108031,8.440618172217915,0.5022452686254475,0.39337291676819874,4.633394952246599,0.0
143,7.820907591757273,3.4474933510119,6.281573165554396,4.9645420268688305,6.520066910592241,1.0
144,4.4022709773587865,3.6527994748633663,9.503585885905606,1.525687864457812,7.053537554452573,1.0
145,4.835027147249416,6.457642163367755,4.0352271945270335,3.3439486444734303,4.9384106141530655,1.0
146,6.765914427037259,3.8611632066625,0.41349923230422414,3.220241675534351,1.4117341355512558,1.0
147,8.634589349648628,8.718906465514863,4.195857355528067,1.7298371402346402,1.6738234978406652,1.0
148,5.380256508077936,6.39984143552838,0.5065381312603634,7.854693700927382,2.2432552282759,1.0
149,1.6803504606622044,9.732310828184799,3.7255180392302156,9.850060082781146,5.2363888602568,1.0
150,6.1210382250493875,8.596740106918352,9.539367222959115,6.320774839542992,2.966611069220637,1.0
151,8.709593034655736,5.80859610377885,5.883140347168181,1.7640166749068842,3.7289882866442827,1.0
152,3.0816663933104538,4.192582312087377,9.006797089194915,0.04582250619375006,3.963470680431316,1.0
153,1.3055385295981425,7.224872794801041,5.748433401966052,5.552786441380909,9.56683584648278,1.0
154,8.690777923923758,5.007750600773396,3.477323638541864,2.262865124204969,7.409159551491118,1.0
155,0.30976486167487494,9.64808555561358,7.196731710759066,9.005668571167115,5.662869849158902,1.0
156,7.216534300128786,9.705977816954235,2.6446690784885876,3.28618481175438,0.40021860116724706,1.0
157,2.9688145657347054,7.090010778307699,5.514738921268627,1.9435684266524456,5.708883017535617,1.0
158,7.204351918154709,7.558049786356358,4.01878200249339,1.6612976737244833,1.884767994810972,1.0
159,4.027030453191647,3.364970092595909,1.5878973002968844,7.42359568454305,2.9724028765742236,1.0
160,0.42962418994449414,6.839901340991714,5.208739766611289,8.891937627042246,4.661534211091332,1.0
161,6.995791361712653,0.11397673215007953,7.5995430964821375,1.8909977907132614,7.610613410781925,1.0
162,4.742147196845322,4.1950021748110995,3.1778586434193845,7.684247915248408,6.956292012079812,1.0
163,0.16395976512077803,8.348630961167979,5.732410460690337,2.999105116808012,5.548717937439235,1.0
164,1.1551009753687946,3.0555031793377574,5.496868370886705,6.260320206563453,9.545958006327432,1.0
165,8.041966222862845,0.5594367065594008,8.412966124861367,8.106667024024226,3.273081011387897,1.0
166,3.0426881238824155,6.7663394550457365,4.786676996610613,7.809260454420968,8.03750243674595,1.0
167,1.0711630206524714,9.26185504295001,3.957904406202247,3.9341320380896705,8.3930160320932,0.0
168,3.902543172932469,1.1388483983889308,5.4570625796317795,3.967863917124287,0.5695071671644258,1.0
169,8.227093535960654,9.314368407829075,6.990279833739886,9.378837789159121,9.996224672966106,1.0
170,0.3981150856929849,3.173559852212693,9.167647777743039,0.14303178938465333,3.056990486518101,1.0
171,1.8558876091113197,1.0634421364253288,3.615345204883873,6.19001111160681,3.782912565367117,1.0
172,8.124860915218404,0.5938817801010454,7.532527903283221,3.894112294201845,8.929470691801868,1.0
173,6.470689614119365,0.0111610044454169,8.255890278168081,2.9753914932009575,8.498886258677592,1.0
174,4.177197779674023,4.5553524659246225,8.159731097835403,0.3522135471236332,4.409064108901717,1.0
175,2.2119477341823,9.922205296911107,8.930464948286195,7.997799452989623,4.882306949268777,1.0
176,6.253855680914514,0.6290282930065161,4.293356962875377,3.3106080279773806,2.4022449998781656,1.0
177,2.302209526017359,8.705917355053634,1.7518723799038793,1.5919136092807795,1.2626491569613507,0.0
178,9.418283904269133,3.8955705593027377,2.1811728525329532,1.2787294592294418,2.859454666837824,1.0
179,4.435825670046677,9.5264012627508,7.960304221085215,5.178200302685979,0.05640132398579856,1.0
180,9.172860229905046,5.012592522756746,6.301426951174736,9.780682964422638,9.953553875790046,1.0
181,5.13681343325358,6.560877265712297,5.922542226474569,7.556551765078691,3.320340541949436,1.0
182,5.338636687635191,4.439160026216773,7.0577537025199995,8.242910040102569,8.185877965188567,1.0
183,0.05488097019208493,7.085817387322109,6.410660921506661,6.570708648624633,6.904185687237914,1.0
184,7.413640041598724,5.931155845077769,9.710215751768237,9.095764453306174,7.98994827424392,1.0
185,1.5090818009292306,0.7091752945618379,5.3244805826417405,2.070553137044242,5.414563030281364,1.0
186,5.299991097542102,9.67558610081483,4.233798024428096,2.2237351286223452,9.802519269873187,0.0
187,2.4072789744149548,6.032864133351994,7.546539444583332,4.485913627292952,9.97681530864697,1.0
188,6.367077612493212,2.6618525935639203,8.911249449769382,1.7152426337668591,1.555423578616365,1.0
189,1.5353939370609682,4.672088701808356,2.2713068965732996,6.513140888745045,9.690208346311767,1.0
190,2.9284173533388658,3.551546326839378,9.886969897276806,1.135931768911127,2.015129445414284,1.0
191,5.39133308285057,0.29889479431363664,1.9635100222575774,6.038094692094317,3.998111912139427,1.0
192,5.875591766783903,2.9863978691457893,4.2044753217890305,8.961025852141537,4.841743594338952,1.0
193,8.583260533167554,2.430004320069956,9.94124957652636,0.4501400326216365,0.4602912639420609,1.0
194,2.6932294221133057,3.3219729970156155,8.403919981522234,5.357831198236285,5.975771968392699,1.0
195,1.1051123959731246,9.961436144083596,1.7667820902334397,2.7487187504906174,3.766143745645363,0.0
196,5.218165994212915,6.573154389912296,8.821545215358457,0.32688233926063903,7.086886747932905,1.0
197,1.9245284436581522,5.775576178905396,3.746339199736953,3.1855274686424506,6.429015981381287,1.0
198,1.7180336782296668,7.935824479078482,7.452787426167447,6.577880733167532,9.016792383715513,1.0
199,7.939965249799435,2.4056605506668416,0.9677913800901239,0.5960964069962493,0.11063575548373228,1.0
200,9.074217931971498,7.45540735567304,7.853565515046036,5.424874956709803,6.9747566177551255,1.0
201,6.3469765600237125,3.3872592090362206,0.7220040350516821,6.935364729269597,7.9678538696619565,1.0
202,0.5775196082084766,8.366788056264836,5.409756463747773,6.433473341042323,4.109864609251096,1.0
203,7.3455375910637635,5.896515898986641,4.9131286125293645,1.2438774461232338,1.9633850322355828,1.0
204,5.821607347988893,5.010807416906344,9.359935504700578,3.102371838355417,1.6745570601841164,1.0
205,3.03173165679525,8.278500845025933,1.9088952021324024,0.8143229002669139,8.102860851483415,0.0
206,9.423266752392088,4.458590223367484,3.678672591542307,3.824869849322381,6.835607316057839,1.0
207,6.54272876527703,5.372141848903277,2.480985525801984,2.9122369490728115,5.9431985346526215,1.0
208,6.567090040427957,6.994171414244901,3.0583155226093286,1.566605391573308,2.2801141299490837,1.0
209,6.022583476933567,9.836248355653046,4.040965691667836,9.6342711195639,6.507781954542887,1.0
210,2.0555322109990692,9.738375105290686,4.7402707556861445,9.678704395516409,3.7195390676830185,1.0
211,1.1386346252947344,0.3885200041465664,1.3733197867733316,9.31489649015152,0.8465715775537719,1.0
212,4.529859823277186,0.5597271444511587,0.4672580892816247,7.7262014985152225,7.9160786629638125,1.0
213,1.965451455026308,0.5817074776401454,6.211298165373028,2.525691316034714,7.843964682830413,1.0
214,0.7981763668870967,5.029092251675386,0.07700064382230143,7.824833563036573,1.7700122684313335,1.0
215,8.599345269270483,8.015263680351786,1.5202664940195054,7.872946483706689,7.764326497218973,1.0
216,6.305845784235861,6.952185903305665,5.165791771203829,6.361994137971381,5.777504070052016,1.0
217,5.840220077987293,5.8295098899988265,4.622748106236237,1.5167526670629994,3.8187478932118166,1.0
218,7.31683845917177,7.4161356371104405,2.3230988662346395,8.264819325188208,2.8751394958872325,1.0
219,0.7081403913697959,6.178518692854532,3.9049833225450428,2.3657380882371184,4.860286959769233,1.0
220,4.552475887432953,8.760451427008736,0.41117358013662786,6.165587936244666,9.575026485834591,0.0
221,8.44356273884299,0.8390102450515924,9.870472444699862,6.536205984228994,2.9574783193975818,1.0
222,3.6617300408624107,0.7794556805388497,6.861405724209343,2.5145617399845066,3.4331225350168326,1.0
223,8.863921489571247,5.833398163353808,1.537327043025587,2.4815360810258635,9.688760820022882,0.0
224,1.3521651782970223,6.495899186297333,7.565567353459918,1.250447101182034,0.8578335920234104,1.0
225,2.7152929601973974,3.1209298891617667,5.420565070818561,5.811678047018205,2.12944272654937,1.0
226,8.12099922478681,3.970801364839457,2.27585462378506,0.8814302041367239,9.97529635635742,0.0
227,4.742297956063984,1.5665985626083045,7.8239177551093935,4.640758750217744,7.240121856121324,1.0
228,3.7484104829469675,6.857044454861985,7.162929019537888,9.824536133084145,2.3599477107779023,1.0
229,4.329094840197781,5.146411074759898,9.423410264187522,2.4503766485802414,1.1964630985139368,1.0
230,1.35857676406684,9.889398059113265,5.678615688720036,5.877285476330799,8.553996748916829,1.0
231,3.9296828297567457,8.275860998944003,4.765677959041464,1.021591628882892,1.4833727800574226,1.0
232,3.397564119440019,4.608218961106681,3.1567207573197686,1.3048373311906714,9.587527306317124,0.0
233,6.369754935264403,5.167757907090963,3.959664989133983,6.287375351437573,0.6709189218489442,1.0
234,0.972237944267621,9.979358110830562,5.7284686040994455,7.183485654822444,3.455837142518142,1.0
235,2.1622675547688797,5.299521994355142,2.1540876445432957,3.843180809310941,9.665276043881235,0.0
236,2.6295586663069805,6.091911241207352,2.672192273716986,1.4393453847738824,8.054351178040584,0.0
237,7.969841669330532,0.9846681114222544,7.196379482315534,8.631040766765496,4.510425513528229,1.0
238,3.577177533749535,1.4132247225420846,3.7823837531546998,3.916964715831861,2.2337750803847722,1.0
239,5.005436894006897,3.4077352832822347,7.962688364655409,4.774593931179714,6.958047487360708,1.0
240,5.4686457603103555,7.23582632009565,8.499571445732395,1.3278369179469007,0.18393637796578544,1.0
241,9.847321955814563,3.009147142296217,9.15916190586827,2.616415715995535,5.362133520622907,1.0
242,3.646132330355681,9.917573417824203,2.142822738342419,7.481196816796253,4.212075677396206,1.0
243,6.52385030413841,7.181795021289887,9.972561068112086,0.08107344434653996,8.071093307918188,1.0
244,9.68628967682452,1.4300170333458506,5.6404799369523895,5.979405392208434,0.35925711712633146,1.0
245,1.1551009373335985,2.7789952636335613,0.4479920969628093,1.5733671142815475,3.786146219604948,0.0
246,3.676721841985912,1.4077039381498302,9.41611997793196,0.6207464585943889,3.358403815190546,1.0
247,9.835592319115527,8.071502465979785,7.275286546007736,7.32283744112406,6.9453651487705095,1.0
248,3.6089925202657036,5.341860087754253,5.949606011533417,9.279610180566259,3.9818485829373564,1.0
249,3.6112877487040542,2.780960280559289,2.0665217065045125,5.171018250688931,4.670516863152816,1.0
250,7.04745907107325,5.4257583585814935,9.163823387866946,7.491323024855781,6.924537271680295,1.0
251,1.0418531105847506,3.3474828935686185,4.644213970557274,2.437725049757554,5.169537834798086,1.0
252,8.631341471769803,2.2997800658203325,1.8328824405171695,2.274699497261924,6.870117025454108,1.0
253,5.176177529330397,6.188673230019114,2.80361564793157,9.885011866076699,8.952339415045953,1.0
254,7.744182405128591,7.037898474079693,6.921647246393677,6.3567540613532625,3.273662460571427,1.0
255,7.18627084354793,4.319466873833685,1.960420545263859,2.7956908801235447,0.9787607430392353,1.0
256,4.521849751338715,1.8841175927445064,8.03764855175896,9.536128406167565,4.9135800153969615,1.0
257,5.373692892195386,6.919267553131327,8.367701781891185,2.7771400982515027,2.6057778784473418,1.0
258,3.8725352606913166,3.6117305746134476,0.5920628989952181,0.7391651604514848,4.897416333827163,0.0
259,8.905377198405267,8.477994130510467,2.560864236136642,4.430935397477444,6.171395503055908,1.0
260,1.6452319792857018,9.335832136172217,3.7721638169244653,6.298018256114291,3.8324161008800752,1.0
261,1.2896720533956896,5.979610658342715,6.133604976097526,7.205262355452074,2.675559090534315,1.0
262,0.35810282701094875,9.635224777361032,2.6465262901778743,0.8825202870129634,0.8620214148787508,0.0
263,1.0010873860931224,3.780043717979855,0.005623200730667799,3.000879360487343,9.247972224525045,0.0
264,0.22754379084910514,3.122752563236056,1.6657995248839808,9.302429959062215,5.2837948487694275,1.0
265,8.676602131881687,9.75457125313137,7.491796569829994,1.070032236526427,8.140224594009418,1.0
266,6.664251646818791,8.576985785656206,7.44292419242992,7.192383903891839,8.604583506081157,1.0
267,8.453235388692933,7.2458324920556825,6.49877585928932,7.718209807601294,0.7843967777924266,1.0
268,8.030991330434814,8.210463153616516,5.6225508267991025,4.925739483096682,9.121558991148419,1.0
269,2.6373831843093742,3.2249940587544437,3.257991768438151,4.243755254773279,0.018377160892413258,1.0
270,8.294925261002298,7.502499128108713,0.7857467019375886,8.704663589847744,7.618607222473608,1.0
271,3.1889301392473026,3.3519031704199165,7.066680900203435,2.741546389522076,4.351923676118469,1.0
272,9.148651179494717,3.254785432754741,2.8301142928684584,9.301287862211915,9.221360856722562,1.0
273,9.1154802634698,6.579813571661152,6.459070151288713,0.7632811416997887,3.6561192626638297,1.0
274,0.5718372570748009,1.2893990703481861,6.407475366900922,5.318631472196714,3.0228829638928847,1.0
275,1.8517846596470156,8.776735793537728,7.770855317079412,9.622115413771404,2.2516251317814797,1.0
276,1.7161544352255265,4.723149867985751,7.5715580922124985,8.71120440574451,5.456962870428929,1.0
277,7.2340401437491355,5.847935786906822,5.457556237785141,8.94175491915284,1.2688961784782948,1.0
278,1.9043807943538182,6.384563806247529,1.4020413196927994,4.129012716420492,2.5954046039647083,0.0
279,6.82770823669366,8.352691356644522,2.026688163582361,5.414677529325347,6.211086802511119,1.0
280,5.597007478223017,3.300681119101423,4.899851908677114,6.672091715967367,4.58852051165481,1.0
281,0.5111604990545926,1.3528434067101602,9.535221735458025,1.3723446463412126,2.1655885233936836,1.0
282,7.690407811934955,1.9607670745994799,9.33339912297344,7.853956774605767,9.625270834347113,1.0
283,7.043530548285707,1.6013423374406477,7.65084748152791,0.6925307889232968,8.216352246311317,1.0
284,7.631233615527959,8.844247482173284,2.2206769711920926,8.091271046438116,0.6056213908439101,1.0
285,1.4216593401702615,0.5724616896167944,6.119408329350553,0.8247213086094118,5.908918440021454,1.0
286,9.539938379568264,9.260748409419964,6.3296994089934575,3.021872291285077,2.999384141233797,1.0
287,5.242926330421179,2.876045215234413,7.566110450008368,2.176708988642636,4.602290491650287,1.0
288,0.12486812311819917,5.427370831305664,7.662501701694659,4.5594010506485025,7.30213378863033,1.0
289,6.889563303371138,3.789049884993564,3.110343898725115,9.249087780048175,1.9241855319758094,1.0
290,2.1583234970430265,6.3883588935253774,2.0658875501562135,6.948726249568122,3.9149588116643406,1.0
291,7.0511097977794925,5.875352536594328,8.761272289726472,7.401933853459209,0.13951809549528238,1.0
292,7.336593987195275,4.822618343147951,5.470318198219658,3.9516363978975653,5.830555585541081,1.0
293,8.530154560682464,1.6068461572420556,4.140884875814672,9.160916579048607,9.1645025477597,1.0
294,7.809641962368041,7.995005887008259,6.497963482205867,6.937543031115624,5.220910089438603,1.0
295,0.5089528006917776,1.7387370453296802,4.802401319810309,9.188021790958926,7.7120747725604755,1.0
296,1.6918835137561872,3.975361554540494,7.008774792581837,0.3782015431179475,3.199512701609404,1.0
297,0.964098181973454,2.381928018055788,0.05674537635537269,7.892099534016889,8.231399111475667,1.0
298,3.414579777308626,8.051276098422527,0.5652094409231456,0.8797194463515423,2.7926934213106627,0.0
299,2.0446647219612393,6.549461507581654,2.3153541671745215,5.4654377300741075,7.854037923731286,1.0
300,9.153590719378641,4.364894754285068,5.792083957202376,9.515989499007704,0.8111990163201455,1.0
301,7.775232107182136,1.62740829318342,2.418087473176096,4.090453167817916,1.237598134250485,1.0
302,9.324254508669382,6.363065874187858,6.154629825945614,6.2265273856721866,8.994492251284354,1.0
303,1.9208751973606975,3.6510782832794852,6.864593818255593,8.388075481452931,4.6408655694790815,1.0
304,8.950873831776367,7.885244022533053,1.4771315978981614,4.099856208919465,9.24136490393465,0.0
305,9.094227016383273,0.2828982997625251,3.973280332784203,1.7135350422295426,5.3851238437824325,1.0
306,3.0731568212545533,1.5736617406655529,7.914981657589656,3.1462138396228445,7.798984008817808,1.0
307,3.8425770204934215,5.36794257635065,3.9009667023360404,4.701073620122768,8.127877469354702,1.0
308,8.461756300798726,3.2393874481714278,1.9795146615005876,1.384490257918326,7.421333358481752,1.0
309,8.850373034411138,5.49359172619019,7.050120957837768,9.336518087086713,6.439307658996496,1.0
310,0.6577929593522192,7.8875374502309095,0.3041830626609776,5.517006530269799,0.04463018989081191,0.0
311,0.9007096674061554,1.3321675467033978,0.93706031733646,2.0106274571871987,9.343038820801896,0.0
312,2.9595101698981683,5.108727512389773,3.543916087864014,6.08040035423731,3.318898127702672,1.0
313,1.0524056248709246,9.119904718866824,5.677034439036528,5.375266519989004,8.470936604339133,1.0
314,9.356835444326997,1.8554425794276952,3.2759088201424547,7.158450642138794,5.747938409582661,1.0
315,7.992160511863186,7.514282216498698,3.4850304134050147,9.748497841458612,2.988678111606374,1.0
316,0.13947444737223536,3.4449611567977723,8.003933974672442,3.1855504985335648,2.879277874619317,1.0
317,2.0496704554145415,8.220101737202958,3.15316359546429,7.261808490340983,1.8881948300902907,1.0
318,5.258141823279776,4.567216084762701,4.753972819011349,4.729312236276568,9.516538622000734,1.0
319,6.868042746757911,3.320563372061305,1.4683812971256094,2.831177025361135,4.342491145187318,1.0
320,1.2656306868884548,2.6454305726553597,1.3916336246426664,5.826305185243584,6.4775362869402,1.0
321,7.826213009604837,9.077910373055285,2.7356790157514723,9.944367417450875,0.842772852393141,1.0
322,0.3389111790412491,7.322956724490288,5.023935257995911,3.2196037194678273,9.350198440620217,1.0
323,1.4095679972918074,7.7024079773515295,9.810512458503972,3.7788058129551985,0.3586983101132035,1.0
324,3.155039250833269,7.746919332972107,7.5710030155258545,9.005981580484619,4.622980151528812,1.0
325,1.7114270819189603,7.892979097355494,9.226336628114284,2.8457225955445353,7.039909079082309,1.0
326,7.321107877925864,1.7367099206153314,8.592693971177196,0.04453301430478174,2.536972655227998,1.0
327,7.163577511846759,7.824712639728915,0.6131711763068426,5.718892161084646,5.484932307681904,0.0
328,4.1193211501543505,2.4153825876390647,0.5253622905549871,1.0139544964608804,8.46370009769032,0.0
329,1.1076097892964254,5.214736047161246,6.726243192952287,1.2795987229445038,1.8056580721842352,1.0
330,3.1615082059292843,1.4334704029250755,1.2200333332070534,6.708953342399953,0.5024195654935171,1.0
331,3.138713793322939,5.652967700075896,3.2297002396248997,6.133637290829769,6.063875180597254,1.0
332,2.7233427754096895,0.17474188120218836,5.902523691882477,5.934199903959991,2.5102493959377616,1.0
333,7.452551675755476,0.8564670500871308,0.8951831313022407,1.7167810638773207,1.4723142329400563,1.0
334,3.520028857840387,1.3295954411330113,2.173234947878865,9.892088649008407,0.9444337634964461,1.0
335,8.743879251764358,5.2865869341065785,5.3953490349709154,5.719980747577704,4.2654807215882595,1.0
336,9.31184984252674,9.033693445277857,0.16121660233247348,0.5876367299649399,0.8422023830986369,0.0
337,2.313988125622722,7.954978347404021,9.799459224938577,0.2229955247288129,3.516879933658368,1.0
338,3.1463908509983254,7.759009009442828,3.5154883948263613,5.31187437561997,8.982573228429235,1.0
339,6.49193544134954,2.628161413680509,0.9879396766898652,4.200175491511454,2.23325639821522,1.0
340,7.4455981580403545,9.00970886827475,4.722845206305689,3.785058885711937,4.022737755072044,1.0
341,7.825658403127407,8.444365248863942,0.5520166312659536,4.189022550342831,1.623960572339791,0.0
342,6.738056860155208,4.12340003083555,1.9064566019482387,3.7312446922086426,8.39047006307627,1.0
343,4.745518953754341,6.318289358915336,4.930976771861202,4.067133513108228,1.038709730255325,1.0
344,3.7225311261647844,5.9330900874195756,9.650438423693057,3.137778019370999,6.338282975830647,1.0
345,4.278845955842119,1.8760666986841301,6.147510668587549,0.7828721215527457,2.798013316046627,1.0
346,0.06523390101593973,0.1359002714154256,1.0776097801189144,3.182541239812071,7.13292827475116,1.0
347,2.147077286411351,4.471389945966218,9.764085534430894,6.768226924231097,2.9743543216515356,1.0
348,2.8555345136695864,4.008450420751127,2.4763685357507157,7.011403667509012,0.2911846297638099,1.0
349,1.3216949576832027,4.55994899417948,5.99084551822766,5.7924339261838504,2.3448214146068658,1.0
350,0.4174886127270494,1.1224754259934822,7.584354579986293,5.991874479849757,0.7583262368230281,1.0
351,1.3119945861730253,1.7703903010271438,1.5298409948021052,2.579687052278702,7.817710680805481,0.0
352,6.352731003617834,8.715822677773499,6.432719181572729,4.859546311730893,3.455648917765739,1.0
353,6.317960941907429,0.7470911027146443,7.547640585864693,4.069624984608174,0.3357054954843297,1.0
354,7.061250436137455,4.3119786312511295,0.40064543067379943,3.87304288202324,5.915089346309915,0.0
355,3.6722928118062983,1.4331975080916615,6.478393748767955,6.250910298386202,1.1111236125225643,1.0
356,8.2419999964552,2.051792767057947,4.918501577321371,8.889245155566247,9.955972386385609,1.0
357,9.021693986625593,2.865631741066691,5.201282695779362,6.3066449444916035,9.659395457471492,1.0
358,4.086782745832242,7.385555291595944,8.554358815999786,3.180182567443138,4.958999786564786,1.0
359,3.253244501817046,0.5832274522254033,7.3256966130417736,1.7205798731585842,1.0992934195633985,1.0
360,7.9899683886856065,5.420432681439781,9.933008303404902,8.63034477634377,9.460172645297611,1.0
361,5.248075042028804,7.130373719760068,5.505072260836307,8.83386014782473,7.463241495683036,1.0
362,5.705630437098632,5.874603339981515,5.166306338213037,8.704149892184486,1.2914853690637385,1.0
363,0.9282873997390562,4.4310196848806385,7.50093092172183,6.342843591428993,2.829745082867822,1.0
364,8.5047818954283,6.146348855425381,8.638523311067543,0.6238144486600816,1.1017784750878468,1.0
365,9.542078358116553,2.9179298140113117,2.5935652227584907,9.852251644252693,9.80346494530678,1.0
366,5.681890507371248,7.409379730021213,7.1261606645043765,9.618564117447818,5.847642294509212,1.0
367,9.633781196307487,6.623864825979946,6.176024373147737,7.989208966101755,8.268011093481451,1.0
368,9.225706199154635,3.3747627779717737,9.384752306805677,6.676297824699401,4.794761366750978,1.0
369,8.988104399981848,2.557169191596228,4.964334896346357,8.742017031736784,2.8867609707254047,1.0
370,1.7512672594479284,0.539891178476033,0.6174409284000804,4.553981214672539,5.668719262497693,1.0
371,6.788683393177716,9.337071966484805,3.659488183735516,5.551867352209573,7.72138376746346,1.0
372,3.3044119212672065,5.414355287310415,3.422281618897455,0.0054980029151319165,0.4029075763420231,1.0
373,5.428735300724198,1.1122557106071551,6.601574288896561,2.94824523401115,1.726351004442337,1.0
374,2.625024382065467,9.9241694025961,5.548516013447235,7.91932212886755,6.0155147986324975,1.0
375,6.040428361581032,5.05258923544309,0.9433235164834375,7.314868507238856,5.536228815329575,1.0
376,9.481286636888557,3.798152921958117,2.732087961905539,4.638328018502239,1.6228578221013534,1.0
377,4.048370786500347,3.6932901874869426,1.2662689302116636,4.7482072734262495,0.5134097185042008,1.0
378,9.980151215294887,5.707097469784891,6.49620226394389,4.541428560938555,6.483342304003542,1.0
379,6.08552888362646,6.45701216246199,3.6859995540157753,6.182926695583996,6.710240654029487,1.0
380,9.422106799327757,0.05718939432842962,8.616329698289842,6.345020137413377,1.0995311394875795,1.0
381,2.077547086492071,6.0698794597186705,3.659726015754589,6.220471842183143,2.470742353758484,1.0
382,3.318308587795423,1.4961512541302446,3.262400543039999,4.929359383315162,7.579498982816486,1.0
383,5.322848910181971,0.03806066563216692,3.3084907982964196,9.538671064547463,0.5203763636276193,1.0
384,0.9967328532182573,9.788643999955779,2.5954923407733412,0.38683130380054,9.197712301141589,0.0
385,7.879239511448452,5.385323425249709,8.604846231377362,3.3635851814579762,2.920621377780254,1.0
386,5.683621493671906,3.6018564447234516,2.7990159723426498,7.783059845627154,1.9547911787920824,1.0
387,1.8297453388560192,2.254816009069404,5.64011723151034,8.273980737636276,9.651092961354454,1.0
388,9.357499764142144,4.979340191483006,4.061830630679632,7.572071325550346,7.667858312658952,1.0
389,9.240353428807262,6.278101603117973,6.564656534630275,6.015152371627889,7.3889827067278695,1.0
390,3.360097132000482,7.93430028502463,5.917748855993597,2.4032366378106618,9.4507721578261,1.0
391,4.195867100290581,5.627967391495927,1.120780293302066,1.0472300508332122,1.1395574606858416,0.0
392,9.848398255382286,9.371427565518841,8.555911020582931,5.425641157800629,2.1249066965500454,1.0
393,1.762773770315752,8.16934040643175,9.442315550639076,6.138571378689895,1.5983026370568054,1.0
394,1.3466512054866653,5.458876968389101,5.7251268451510215,3.6934226507645187,6.3636558425359535,1.0
395,6.559181724250846,3.4871916155307545,3.1986351347713446,1.4363410756916017,7.297636202739554,1.0
396,3.4035317484013214,4.080231419063857,2.4491838729661106,4.607096276290388,2.3469664652795243,1.0
397,4.739873092964263,8.583032303458983,1.8562611129138251,7.071999409412655,2.9545290427643502,1.0
398,4.267438590609576,5.842260169000921,2.6880129614685897,3.3405003682734904,3.5437447805296616,1.0
399,7.849436525180389,6.149976595480206,0.8204730639565694,0.6308810905003759,5.3885073870567695,0.0
400,9.340276011670497,4.328576409447309,8.734360721433696,2.429714885629034,6.4224510540593975,1.0
401,7.855655723233963,6.441173267545349,6.459802608151839,0.7465674172678483,2.3260096669937758,1.0
402,6.981563785738739,8.19138517510575,2.239810021328399,2.5271350340869048,3.4075916508955117,0.0
403,9.090339527545163,4.646194564270083,0.00502006178408565,4.33740226135475,2.8251880923786867,1.0
404,8.673757173281393,2.749668507314901,4.852339723658355,1.6036030444452698,0.46506860911942116,1.0
405,4.448710110540129,2.3478017487551748,6.992927938651078,5.017920486364588,4.463182135454122,1.0
406,7.808968824957292,3.9935131024423773,8.080262974560792,3.2178611899176524,6.319666371911554,1.0
407,4.472350547472681,5.691482625439129,7.861278366594742,4.565274233837496,0.93558622740613,1.0
408,7.8742893471291575,0.1916517381758931,7.815106647254629,5.48650735399114,3.4828192862308227,1.0
409,0.4013486546926759,2.8786804137840862,6.9602129670791,2.0741621034621516,9.666223235377915,1.0
410,9.334496936942402,9.114578291550831,9.309785094074664,8.654770475103991,4.229648238107103,1.0
411,4.477252360329902,2.013628063462739,3.8511846938156333,2.063351634099877,3.9281401747979885,1.0
412,5.106380106431608,0.6597884929802522,3.3056995894477623,2.4489751860945996,4.3063601005106635,1.0
413,7.070308975905505,7.916516682521085,6.649897454142174,8.697199993605597,4.444272480922931,1.0
414,4.064072481246742,0.9429284001789062,8.674613183319199,2.1048402692770942,9.894039582101623,1.0
415,8.56780436936259,1.5386414303994334,0.7937249010038139,7.950939923350523,2.1337309741460753,1.0
416,7.173842247207361,8.519991379495629,3.7080343002801683,6.96505913513077,2.3775756751924892,1.0
417,1.981672464560854,2.108441411241043,5.106798194053578,6.5764632234437945,1.4766632776841104,1.0
418,3.919711074454643,0.037091746770626655,8.250736208263277,5.142961740243718,8.919542142776244,1.0
419,9.12219833307709,2.423157483540349,6.8236723369581265,0.12565427570633614,1.0048686634759163,1.0
420,6.5558759990307705,9.372123944548107,9.008209248847974,6.396956038150668,6.023783743409885,1.0
421,6.886527233660361,4.759210589160519,2.2026404109495,5.500132188887456,6.447400354593107,1.0
422,1.4201081071241661,8.546346821410037,5.7444056904348475,6.704527721314775,3.9520978322240397,1.0
423,8.027632798269629,3.7825212927215635,7.5795326741814435,3.325362959018615,2.3782129371880476,1.0
424,5.480331044365437,5.068038034569441,3.7118841947176886,8.672002487028795,8.806741824896944,1.0
425,4.757466566185116,3.210279858669521,3.884865152504997,3.06361302704555,4.850123507151265,1.0
426,3.600433115652424,5.703638835368318,6.4767004936730155,8.539592804911436,9.96214937297671,1.0
427,5.2798874974497965,9.05193058153631,3.7380357746647066,0.2760819772464673,9.91203017823237,0.0
428,1.226260922290734,5.860568432655997,8.079115299870407,5.7486853937983735,1.738316997037187,1.0
429,3.814187077935726,6.583222181451392,7.7540265306186615,2.3893144259131835,0.4064639332374931,1.0
430,0.874314803727565,6.713947450427542,6.777085234825061,7.904856199122231,6.308995834497989,1.0
431,3.435591782379764,8.47685020329299,4.4153607569328255,9.686872464604502,4.890928850790155,1.0
432,7.012177191705465,7.43670178810474,2.922480210858873,1.1034129459158182,8.936230430486578,0.0
433,1.243176682931798,0.5010990197759624,3.965943728019284,2.147275929373804,2.8474362557526622,1.0
434,8.999807146083029,8.038974368672168,1.0056105342315702,9.816874118601929,8.137291626313983,1.0
435,2.239238609216919,1.1348751994303585,0.9407013230596806,7.36305841289588,0.6756471507669382,1.0
436,1.0471426115708848,7.555980865611506,2.760907662213291,2.822957661516959,8.83978196339382,0.0
437,7.5427433522211915,9.741812478731212,6.393629972105935,0.13918831052048164,2.530660075413037,1.0
438,6.916984660406822,9.594946390818214,1.700603184725642,4.92375744250079,7.778513970854978,0.0
439,8.653833359678027,3.281643017756256,4.9767310988170985,2.6629467386653047,3.56077569840446,1.0
440,0.09708099466605669,6.568908282971824,0.9800045831303827,8.265157883026566,0.7624693285800621,1.0
441,4.052742323349624,9.877455466308243,6.873045930818535,0.6015545310840698,9.434853498734926,1.0
442,5.6157398047377995,2.0056873148998866,4.573083253009931,7.289194746979226,9.78762508058838,1.0
443,1.462457697411751,8.849355911926894,1.2374328888577057,2.4759637734102844,9.868498417064046,0.0
444,2.0441873292522503,6.683875733184746,1.808744336178697,8.521611201801683,4.802560454370113,1.0
445,7.36063942071008,8.858194756984547,1.4687391038873177,5.648009327404708,9.737773031731678,0.0
446,1.2602701976899688,2.0582240534430882,0.41892021093509424,8.926052455307463,9.299668777055354,1.0
447,6.386520400029636,5.498603222894528,9.901264705354325,3.0175509431291045,0.4926921631725245,1.0
448,7.5403966904262685,7.159561095635977,5.984850130988912,8.5456922294086,7.700388093738637,1.0
449,3.197454803038772,6.6946382919028515,2.163882241873357,2.5765170535078097,0.04605580999111902,1.0
450,9.557199540310945,8.014155215832874,6.158347633824742,6.685948250065914,0.8092168710634917,1.0
451,1.1880945484275929,2.2243644751860714,1.652866074865712,3.0158959845695534,1.1121181185071094,1.0
452,3.0112111870167113,0.3646844913055791,6.345838804627189,0.1682776124873664,0.6491643980167505,1.0
453,4.175555029367945,9.777002105020511,1.0826090210558426,7.690790528035788,0.09361215418091984,1.0
454,2.674328228855627,7.740447573950954,2.16868453819551,7.864277967099916,1.1523985294286865,1.0
455,3.609790157281706,8.184419975295622,4.135480908762372,9.813978283679104,4.877303591514636,1.0
456,5.877984368267207,1.1329161942565003,8.68273839797416,9.846840321824677,7.781824021091101,1.0
457,4.402431570528103,2.031691596618661,1.34545074745399,7.838256722200121,5.254996101181616,1.0
458,8.33046418712152,8.541946869517352,2.47947633673458,1.498641537076234,9.249255515660572,0.0
459,1.228743955422269,8.963489890809713,2.753539189620109,7.123262580256941,3.650023323470142,1.0
460,8.055879673264984,7.971049295586367,9.707525613983211,1.9364139806463354,9.329935473954986,1.0
461,6.3802934539846445,8.535877774957276,9.867132526605012,3.387490367770578,9.36267411359353,1.0
462,8.16337808728701,7.312138994154264,7.37852455075696,1.7695532112167955,3.2023002194539965,1.0
463,9.129760142565257,1.7626247698006459,8.864721871273625,6.107151800923637,2.644136386112743,1.0
464,8.932348306207157,2.8299599625047622,4.473221403147155,0.34041022211392713,2.046199395974525,1.0
465,1.0632087111326416,7.379611490003385,3.4660654648596134,2.118654328473636,8.437666131143144,0.0
466,1.7762777197135438,2.882203253311282,7.702940251251031,7.447186253723642,1.1699290790530459,1.0
467,9.668527098330594,3.8934351408725867,0.544113605426827,9.458821389917837,4.194537761386337,1.0
468,4.837995962728611,1.272347174560352,5.5102532934991455,4.791149276676643,6.973405200366098,1.0
469,4.878594571074432,5.45595091825164,4.373853316542537,5.594223317883079,5.187406800180052,1.0
470,6.81728581829104,9.32199672701463,0.5522344486217412,7.995901222181429,7.2124901121597365,0.0
471,8.845570303421283,2.7380430626445964,5.08403581823544,1.2359564764488418,4.841108804193883,1.0
472,2.669914727638788,7.55457307979103,0.5981990005747395,0.8088000970003895,9.82049916334923,0.0
473,7.067133357351985,7.14309920684729,9.95670933252708,0.8138315150874176,1.5618894235917358,1.0
474,1.5480514561822956,9.627991664917275,6.336900346209294,6.767624971310715,9.639749288884015,1.0
475,4.2205738665542025,3.2025329570256886,3.494685701473447,3.3839797530762663,5.306860728121681,1.0
476,7.267338400511526,0.8451250095749319,6.435511902185695,6.993594024248056,9.725666572086167,1.0
477,3.4400295648511015,9.269316286938231,2.883311665158903,3.829933766435125,2.919896506597942,1.0
478,5.76369441543433,6.567892055783648,4.343996606447512,1.5418497767231343,3.4435747549450477,1.0
479,2.915651277460589,2.46569585908335,3.868601138489142,7.712978403082521,7.398226356679941,1.0
480,4.872553355065522,7.254521101108132,4.1938632629309325,1.173092750387107,7.0453078168309835,1.0
481,7.320736039670528,5.553685741723108,3.970878156407982,6.531267166834356,6.22827450042725,1.0
482,1.137965807697383,6.2116535470239596,2.6475255665761512,6.780726543158712,6.768290087287822,1.0
483,2.5319022912849865,6.4661990031891765,2.4068183366792697,2.8219252865359987,1.113629469951054,1.0
484,4.222360988022405,3.024230720820149,7.034454974720457,0.641114356629513,6.206694800076305,1.0
485,2.0300800913115467,9.287323975972512,5.433482785370785,6.007197468536335,4.671052823855461,1.0
486,9.392902589969738,2.0734202115146685,5.173907354546187,9.758639556685424,9.85138623474633,1.0
487,7.456224029940283,9.36971928193954,3.6952366170740247,2.508934824734348,7.057426830328067,1.0
488,4.130687431365125,6.892585579347931,1.33668371415268,4.663155317087407,6.724991773701035,0.0
489,1.7682896772645984,5.653213688576461,5.32417449944022,8.436677609092122,8.063441169061871,1.0
490,1.6408240931722828,0.7551897334281676,9.619179439378298,0.29981301094193946,6.919231492401528,1.0
491,0.850734968230682,6.761953220516451,2.7217989025600042,2.701132833906276,0.276635956997785,1.0
492,5.899212291143195,4.014656294376548,8.63036673547693,2.488629227723036,7.159287413529295,1.0
493,8.977585769520784,2.000559157770284,4.03589266468539,1.5559956557432442,6.940532167192426,1.0
494,2.253865673562446,1.8114274517759354,6.296888301706112,1.486566324958618,5.8307308849246064,1.0
495,3.676789924377102,7.611888484727451,4.546898241885881,9.852385274266922,5.688629371537832,1.0
496,6.734079922229438,6.118255156147269,2.6792387384152727,6.815000390145732,5.564137259191707,1.0
497,9.5565507615815,7.627083637357606,6.260472161379078,1.609816523202302,4.151377079308586,1.0
498,4.526116686987084,0.1311810767673216,1.3490807925033488,3.964305203861028,0.35182459232747876,1.0
499,2.6953172775125567,0.708915536267245,0.3378544685911111,3.636719572660556,3.405383815326174,1.0
500,0.4584826728513902,3.1311241620909644,5.832664438875968,4.4821864209590645,8.377779998202293,1.0
501,7.825152543223267,3.3337516634533673,3.9367923891546486,4.900923087726418,4.135907911686301,1.0
502,7.575979625988467,1.0783228330637495,4.996905265015171,2.2237497302348705,2.4811602032491233,1.0
503,2.8295924743917524,0.18535193640223047,7.252668543084354,5.267384664147836,0.7409368766529267,1.0
504,2.3503631333891386,1.3360698383656222,6.384818799811822,8.356490699313394,1.0164509220069051,1.0
505,3.24624091943999,8.314751966690295,7.6076401215283385,8.005835842013816,8.280529514734212,1.0
506,5.677998661839277,4.5808123475577815,0.07055105147529384,6.601646385235327,7.949517511675216,1.0
507,3.8747921319923915,4.7362993130262705,1.1351629006996022,5.345634401096126,5.323356194680486,1.0
508,1.6950316159459666,6.858064095584508,8.496060521736409,9.803458949551741,7.21278063100307,1.0
509,7.415691688952818,9.121321605172065,4.602423730507254,7.007913861770854,7.506039830035403,1.0
510,4.658558754305253,0.9251459202813384,0.6498295884620264,0.06262445646138204,6.122137448397012,0.0
511,8.603558662061289,5.573662895258378,0.5046707617524648,1.7184832946075257,7.425229812144535,0.0
512,1.046031437452214,6.088222173041105,2.5713784537417905,7.301441564702191,3.6422024054943583,1.0
513,5.5785733161582876,4.844868444274394,5.615179672212172,9.039258516078148,7.692372388060803,1.0
514,9.35367029552597,8.179978496248747,6.049638531258548,3.0665758861107992,8.680734884742845,1.0
515,2.6478358438594607,8.93456186645479,9.154274505009269,6.102368403923146,9.284081484604371,1.0
516,3.642405129609525,1.8718583005817602,5.4642191507331965,7.097121586425844,0.9158944967172389,1.0
517,3.279187766490147,2.616485533238154,3.1983910604469203,2.8328196020839655,2.7894545642068236,1.0
518,4.619679456973676,3.570841948033566,6.231770885844515,4.97432683414763,6.090671845680848,1.0
519,6.340937468226576,6.686532149798511,5.286233347714201,7.1161322553659065,3.958682293773954,1.0
520,5.067632523913855,7.16679673431894,2.421434221819112,9.312472827887317,7.832517958845338,1.0
521,4.5391635747062695,7.234690880239089,8.500205153924856,7.945322970324805,4.318355523401628,1.0
522,1.2580140931153183,8.559831152053029,8.234180614971498,7.775823220273739,9.714853087598879,1.0
523,9.094760980567308,4.754868783499293,5.822058080091211,5.829670390907443,6.2433964482865045,1.0
524,6.125003807346998,4.946928581224529,0.9879815754868337,5.4842781811604056,3.042562167866527,1.0
525,9.53962721184892,8.89871506964093,0.19287148193407155,8.015865717054922,0.9483397503084579,1.0
526,1.5346235725923196,9.58745233230823,5.8111287945131975,8.474958997246986,6.41231303697151,1.0
527,2.031758636305858,0.9794702696650226,2.6490707847836514,3.7567203740455613,8.120338308801236,1.0
528,5.309461321570648,9.354148802089513,3.023114179382161,4.625713830213671,7.3632774757685855,1.0
529,1.9182727062413252,6.146379911624573,8.414717100361077,1.358885068306257,9.983352546370853,1.0
530,3.7172141413998085,4.471518982995539,2.953442693324421,1.9528046286507283,8.436832819069618,1.0
531,8.551405897092724,4.712450090741202,7.651863060433146,8.06039390911705,8.406612247189857,1.0
532,6.805971474065187,8.066748044529922,2.1705144025052703,3.2818490973452774,4.227423986462462,1.0
533,6.464612863874768,3.1354055441847093,5.607982877453327,4.873739302825275,9.510657677020335,1.0
534,4.41267841072403,5.225131973015181,1.801569838384257,3.203648015143379,5.6358342884670005,1.0
535,2.177862361892621,6.546661620390481,4.453861522374584,2.2501598673602397,1.5469482970238568,1.0
536,7.202634300157041,3.3434041054088692,0.6621002313734847,3.0072153405809123,6.165521483094287,1.0
537,6.628731918430878,6.243619171517584,8.467116877329815,0.5628652065127682,9.646271183794305,1.0
538,2.7424793374515275,1.014862954100536,9.265706093141526,6.733124469326653,7.438848472152748,1.0
539,5.968750324900269,4.278354170358689,0.9076055543990991,1.9004804740123937,0.6258859201730871,1.0
540,2.196984782976268,4.851336117119104,4.774603004753687,6.499454692528347,1.1961230625978114,1.0
541,9.38598173957845,0.29734603431488593,7.196580159220824,2.377735947839196,7.032008683294895,1.0
542,2.653398370431158,1.288402304803149,0.3128369242573581,1.1339407781343358,2.5996424669465954,0.0
543,5.714292225258256,8.983941667178867,9.90175947021751,7.632570757058957,9.257886525677465,1.0
544,6.775041641682753,1.8788005792640683,1.5348415601371734,3.550010527165007,1.4326735624973708,1.0
545,8.731939323576741,8.767915660857557,2.7890271206692985,5.606986365338789,2.4698150837855937,1.0
546,8.564417467147283,8.920737936227646,5.380875924326675,5.865758138407124,6.6580366750606785,1.0
547,6.53563984099595,4.02487613846621,2.9487031269099697,0.609223123681053,8.766253307239817,1.0
548,2.383771020405907,3.3344072133241074,0.4446992295437957,6.578624801496925,7.177221859108976,1.0
549,5.761612045421556,1.8884123557636834,3.395412981105501,4.571363506464941,0.7810617984735113,1.0
550,5.228944484089274,1.816522905467115,0.04637309820811564,5.99777162926517,9.216495626737915,1.0
551,2.378508583786049,5.416490386441637,3.039760585956567,6.486429740001607,9.137163620298653,1.0
552,5.814649924296749,8.506875015359679,6.84451489056272,0.830741653187631,3.0817054973995104,1.0
553,2.2103207413389714,2.1483529306964866,5.103439014862115,9.107538905149164,9.23342365010833,1.0
554,4.188605108850904,6.789755874220736,3.5679914124369025,6.2319659092654325,2.8591166870689166,1.0
555,0.23870728350088188,9.280182075644767,0.7660245590373183,7.145990915704595,4.842613472396243,0.0
556,5.5271090310966775,6.113616910336366,0.2881196851571721,1.8960183875947978,3.6062492783686704,0.0
557,8.723759658235172,9.629155154797589,8.891708243870422,8.955806612011134,8.677655904640057,1.0
558,5.345908475238074,5.082991691582195,3.556808951278642,9.00909158348994,1.3494110991166264,1.0
559,6.0344683493717985,2.0142583381598556,3.892588209873601,6.536750942745123,9.43901715800081,1.0
560,7.020763879834455,5.042378037992934,2.6243545384936064,1.4103818183334826,6.116300130027547,1.0
561,0.603971377702387,7.187310166281781,2.9660813251551277,5.749741373196557,2.8080910229892075,1.0
562,0.6422187769203458,2.251457957459788,6.196891488492673,8.718803541841506,2.6855410016723216,1.0
563,4.222174879774877,1.0749692904097607,0.33058425991394524,2.024073076492179,1.444517531387739,1.0
564,4.185186835388782,4.836056941252597,3.2595639640831053,1.2178693611318614,2.849850453208772,1.0
565,0.5549269849883465,2.8011517502098924,7.2038716489747925,6.266344665091647,1.5523496072241438,1.0
566,9.930492240954939,8.201091771074019,1.325048094057354,1.514301315579808,1.055925074762366,0.0
567,5.899198011248362,4.149442224091722,3.9404353553360973,7.6567693004096995,9.2107515559122,1.0
568,2.4891246564843827,1.2218089484716477,6.065589723110164,8.073520031103204,6.371330999050384,1.0
569,1.8013457196028104,4.168668769485518,7.559396626888262,1.240175288132106,5.142969601132679,1.0
570,0.9547156338175311,6.085803449230605,0.304837762690493,1.8068924472805226,1.6190602709210267,0.0
571,6.4112644966336285,7.479945395476201,4.501742037370028,3.680575563744747,1.3094382844558816,1.0
572,9.594018414738127,3.346472503750042,8.733024649006566,3.873328464464242,4.305350151636322,1.0
573,8.971093304697234,4.083985936809701,4.139479099707727,3.4410512489643508,6.352545307455191,1.0
574,0.9356088389951056,0.5010227147835888,5.327271703321349,2.305545202110241,9.309464787697738,1.0
575,1.979539086739649,3.8033360008670414,9.584022466775151,9.752384424722402,5.800010171024756,1.0
576,0.7292057000410945,7.334191098945681,9.452915669078084,8.866652877478188,6.669211952259147,1.0
577,7.141130568906434,8.421271552130209,0.5208540886193525,3.6452856017499546,6.320419199768609,0.0
578,9.368201955445105,7.2799112167405555,5.407066327869474,1.4650694902188,9.242177592943127,1.0
579,2.2935830230879564,8.712311327699826,3.305228692782612,5.955451406609704,0.4041827058140235,1.0
580,9.189504294715102,6.301975920778698,2.0644358900417528,8.106357559788538,6.796087107654591,1.0
581,8.891726692401566,0.9710748042386719,7.776031612890639,9.858264190810775,3.3127276338530844,1.0
582,3.30000202857472,4.053538070578707,7.5109610273018,4.833431698817213,8.04777695294302,1.0
583,6.161841354786818,7.362457069995535,0.07823376319933906,5.940559189658471,0.9544873582601077,1.0
584,1.2285054354693958,1.70778259092075,5.367469434370995,0.8474052777135521,8.008027955733569,1.0
585,5.440874148426335,5.735007657259401,5.838302917203405,6.492067664768709,3.4235294248075676,1.0
586,5.808682967570827,3.883509260156881,7.05538166482206,6.070547313910916,0.8493516721401739,1.0
587,5.683359277874906,4.548679462088195,2.627140120104511,1.0718593254412934,6.013555959458579,1.0
588,3.2819126082949612,9.348995009758728,6.270194725800896,3.593424049961691,8.364434635067758,1.0
589,3.3639940187535142,3.358144863248836,3.9148560405267894,6.97554753835248,2.615415845075205,1.0
590,3.217513049987528,8.599194109230332,6.291911751501626,3.523642087860235,3.175636252509466,1.0
591,2.1235871261141526,8.987679169939403,2.3566427118944153,7.860697339074617,2.1204355474640533,1.0
592,2.749375284490175,6.6364757385627176,9.403189308480995,0.7956950758010473,7.05478501169069,1.0
593,9.983906714419762,4.584537382548178,0.6230746385985231,5.929892284063998,3.6056092326856923,1.0
594,8.150926309771087,8.722991022930275,9.77273155767599,3.819177226236511,6.085194099360444,1.0
595,4.507469501000918,6.632392608435875,0.8317007259539788,1.8157703018374072,4.242321239424359,0.0
596,0.3132238004237653,5.132341471157424,4.167889293808233,8.260459318502848,3.6800634485537955,1.0
597,0.26585308645464045,3.1665489604545813,1.524337097517352,6.529530825647582,8.457714208141788,1.0
598,9.389443568146039,2.2469704538561395,3.718177848981674,0.9498832733232776,5.4158780292062225,1.0
599,0.34129617478828034,5.389923349520788,0.6969337258023423,9.146377343151812,7.214704287760868,1.0
600,8.168280161713378,9.472985311613778,0.4746908611224221,6.488164521554789,6.370963272848894,0.0
601,9.021462289617183,1.1486090321929132,7.46661223965916,6.225741964017571,7.52843838401288,1.0
602,0.9949817336710487,9.60234368824736,3.2480787346070894,7.121370976958871,1.6271630095058998,1.0
603,8.492045849807003,7.627921307591929,0.37882550743546295,0.9777482814824145,2.294344463632385,0.0
604,6.860540003116293,7.761160952722986,4.506683938903332,2.28321611640527,5.902228185505571,1.0
605,6.554832104121118,2.938194656666889,3.1502514624308473,2.23610013241919,3.917856669469175,1.0
606,8.232957370598635,9.377572436759081,9.92056574173245,9.259322066179637,7.089096659615021,1.0
607,5.464924636897496,0.1892652847123777,1.9728013992249116,2.2143033647765984,0.04450555659381905,1.0
608,6.55679630000299,1.8847464184299856,2.051183811072751,7.619468125038001,1.1320003767205666,1.0
609,7.788289983870631,9.294413250541421,9.3166701722294,6.940599224660817,3.5834458781891234,1.0
610,5.489864572937807,1.692717670574444,3.657280729241379,9.634590805138455,5.22087406657024,1.0
611,0.6757511586345077,7.76933212948698,7.37509392368438,7.294179322246227,6.395022884497297,1.0
612,6.301240360197835,4.7217904392709755,8.721926173927669,9.155364938669823,9.966378540935445,1.0
613,5.8730581680635385,3.499934988617089,0.9076431263374873,6.313649787340726,5.858765135053353,1.0
614,4.7282040061157025,4.9955685509072705,6.56540319192503,7.026172661652261,4.846219631684871,1.0
615,2.792715980627304,7.880175120104066,2.480849338641189,6.582100279178924,9.475855685713782,1.0
616,7.768463977502314,1.299000490460842,0.6144821951982504,4.813074864269483,8.385767865597785,1.0
617,2.2248778737386568,8.313280156710093,7.584238036439899,0.8343133382452195,3.512967140683363,1.0
618,6.487453730350828,2.3682081516855336,6.681365474104785,4.429003913015856,3.8999772096713867,1.0
619,1.8892765327257355,6.787153270047651,9.826452311474132,8.761466327747707,2.180746963578495,1.0
620,2.317843901522868,4.568481547581078,9.059661161502978,1.5152817985685596,0.4459870886497441,1.0
621,8.25451140115735,7.1688172422639065,9.120578759717487,4.207883798964057,7.650543648531557,1.0
622,5.0801875784266795,7.504282252227352,3.743235514230374,6.462241223866691,5.561327097554787,1.0
623,6.690573756694271,9.91397811242924,6.280182768417842,1.4761050682005517,0.03302843745030981,1.0
624,8.159944148314672,6.850460890455587,7.555379115757078,1.7345848194543,9.243640792153782,1.0
625,2.807945140019561,8.752919732119661,1.5228034202060958,8.997388520404115,0.6324355070562493,1.0
626,4.711837335892964,6.670060437230698,1.0412185873739055,9.19304305278523,3.212666205864706,1.0
627,6.901955856351448,5.028699468706053,6.013738074878327,6.411819258416168,2.564825416612603,1.0
628,4.632131003968051,2.3499748252837116,6.150246649263739,6.842238887732988,8.342722761620214,1.0
629,2.2525188038010633,2.1417258268508244,2.1801366360374788,5.704669563028983,6.912662558260202,1.0
630,7.896494930472603,2.877366854142255,2.7424484479501956,5.800046124640895,5.138412362813468,1.0
631,6.878426947545826,0.20985883481324907,3.826643778484067,1.2680524524163261,3.7949739406932115,1.0
632,1.332713535017166,5.862370088065216,1.1145559164017083,7.696058538302767,4.006673944299962,1.0
633,2.9976543359724293,2.1813802416483874,2.3894854821934173,9.367235484821165,6.798674203334636,1.0
634,4.543655439065023,9.97225701372425,7.261978006414626,4.14527524818034,2.756368257534596,1.0
635,1.164188513709512,2.0875538527160034,4.22382373787343,6.582522407460551,4.12295969981808,1.0
636,4.983876416457205,4.937567441259945,2.1341782023281706,1.7647971528295292,8.791415140661895,0.0
637,2.633753267282395,7.350155258948826,5.674786844589393,9.064739500205928,1.3147063163833217,1.0
638,0.5134274337245748,7.7600593982356365,6.559477681432018,6.702805796340677,3.74491847297846,1.0
639,7.749381161773574,1.7100523289765424,9.709917276815972,6.059688004552049,1.2561862378314925,1.0
640,6.502480552991505,8.717871496452345,7.152688909264641,1.2837008834443497,0.39606446047212307,1.0
641,4.867340731229046,6.878311581962352,3.896201726043731,9.841972328710998,4.133821903752958,1.0
642,6.592686319411075,0.4436857238730607,4.522545758468915,9.260446366265654,9.23700720608391,1.0
643,1.6681970340668184,5.245023848894496,2.896076885011417,3.5924203698871104,8.878739636882413,1.0
644,0.2938884845580525,7.8889814744638596,0.4946525771247001,0.37579321271458355,4.50419033645611,0.0
645,1.8211770408679495,5.2095526297973285,8.978727403255107,2.7243687222798507,9.174690752732811,1.0
646,4.331902848118338,9.48180073436546,2.5454429727765335,9.280173900208805,3.2498539652324068,1.0
647,3.987244295830891,7.043684480060531,6.5506860767509405,3.505103643421492,6.837974874712872,1.0
648,5.623644609320308,1.526353176026095,4.843782828856641,0.8942445346574357,1.7741388989713902,1.0
649,5.106819558603329,0.5112096867540583,1.0311830285915191,0.5478434906644247,4.445555447727186,1.0
650,8.996572566430043,4.234214962004343,4.29467141269313,0.2676024938528576,6.941229937812635,1.0
651,3.931877450796384,8.113899059054045,2.2921794168501917,7.779705777890426,5.234623529894925,1.0
652,9.392407908737615,0.22971345535827026,9.170181419235886,2.1928968370844535,5.563587004694826,1.0
653,1.7148932767446534,0.7419926215020811,7.541005803237928,7.179223359339818,2.2252757676436827,1.0
654,8.525288333729627,1.1692105032683198,6.113392926232414,5.2522721225397415,4.034988137206534,1.0
655,8.966567367984144,7.926740679309546,5.262682773214495,5.762990302253037,0.7729614234331572,1.0
656,9.580204774072161,5.264584101012707,2.1966870361770487,4.264384913681022,8.426772358043888,1.0
657,8.982904042189206,2.5904341570011247,3.082018777172645,1.102673434673349,8.579832710194044,1.0
658,6.133746292638902,2.500745604108504,4.581047704734518,3.230596718028994,5.543050187142543,1.0
659,9.26010149488145,4.8655308368880625,7.218381437310364,2.0710937607186732,5.348605152335624,1.0
660,7.908758060774547,1.759006935492381,2.182785841036996,0.06213896493197146,6.511691388863582,1.0
661,6.850886816016323,5.586991766105766,6.003095716521444,6.711124223787621,1.383872914273303,1.0
662,1.4036026883926367,8.533907291060807,4.206140206159113,3.2648146164276035,5.574916593470512,1.0
663,2.2262835440638042,5.703385321281833,9.590681382877381,1.5270132426249494,5.447883837755243,1.0
664,1.1906750817450318,2.459691049649572,3.696696938887177,2.824779944315927,4.620429761864644,1.0
665,5.363663514542351,0.950069059856391,2.982112287189179,8.302283929651518,3.576807247079966,1.0
666,3.862299854307334,8.263561524665178,7.027727650291081,2.9273438593083445,1.887521214020299,1.0
667,7.793614318310902,5.992783838051025,5.578919831804864,7.064485306664286,1.4395764080805729,1.0
668,2.635781353987502,9.846844332062727,2.497594155513234,2.2738569668118003,0.18334618470649544,0.0
669,4.943577329155481,6.567588556135682,3.043545093831408,0.8111034719216881,2.2280557672018206,1.0
670,8.474001743799137,4.269046575262956,1.9562453121066137,8.27466816241367,8.878182639100945,1.0
671,9.976204976657923,2.993856839744069,0.8736259471548824,7.375916719645783,1.5389545323694276,1.0
672,7.580058955417201,8.595092330540634,9.053591011826361,0.18614956439423902,5.128543778436364,1.0
673,7.34286991203529,9.93885251579811,7.696521725051567,2.1267007417359074,6.917441116916833,1.0
674,9.708178220110783,3.8480902311498255,7.699775816414025,5.759762267046247,0.95750771859486,1.0
675,0.8743846245486542,9.00214292099363,3.5540801428056215,9.21319898247585,9.79011270300694,1.0
676,2.0748974125443387,7.227106063005793,3.9312877018857684,4.0601340984076355,0.2722104632102218,1.0
677,8.325221605055818,3.2426320475607486,6.583175117477483,0.7229428142658623,9.659217891024735,1.0
678,9.404452016344361,4.547445101246522,9.191666781679752,9.223064868927812,9.035534470163945,1.0
679,3.80344085004766,2.842490110635758,5.877245098981195,3.783155391280457,2.1347996651291012,1.0
680,8.030681004251987,9.58621349806584,3.174605347757138,3.2657466172827156,2.6695401190894366,1.0
681,5.4318924109873965,0.44208669256384336,4.759100429842044,1.22575334429613,1.6602648450255797,1.0
682,6.683282941080525,0.571323927204137,0.7006760299851678,5.701312803777995,3.6702907098393514,1.0
683,8.241809899574804,8.467956316887582,2.155183387096875,8.97556530698359,1.6358376274470265,1.0
684,6.183408811566061,5.072229075742495,3.2597082846457113,4.241169879839265,2.357093668207748,1.0
685,2.829492565796836,9.82078280907325,6.4641372722133905,8.235684013912728,3.3209264094471322,1.0
686,7.438563784321163,7.320284677650637,7.671807013518553,9.568153199091574,5.2072280654811,1.0
687,0.7388079897851352,6.3256775735760336,4.4082763754262135,0.19320056437786448,7.982198108909245,0.0
688,0.559738735207771,5.896305377419788,0.08626916684910113,9.44161176084236,3.775793928947544,1.0
689,0.466678728622657,1.2606859122776914,3.6650375989558803,0.3220957061535634,1.8891074851201617,1.0
690,1.016208498107548,7.956401664964705,7.0302836606628745,4.547486260901408,7.172827512132242,1.0
691,1.101507927121741,6.01239852458488,0.012861605678949894,6.533097770650741,0.34289616482276575,1.0
692,0.061173890037385936,7.242755141773615,0.4140716983038262,1.1990296327338534,6.246507819183292,0.0
693,2.8410839508928443,0.732052143101134,5.400707170574331,7.563588812615903,2.101103307706432,1.0
694,5.966677393969794,3.6351817064540812,8.758919390026147,3.695361955811949,1.1781744688249485,1.0
695,9.136776460353213,8.977812209522329,3.378513117889913,9.61563926779614,6.11009424602567,1.0
696,2.396273078985196,0.5090539381396009,9.957333488534548,4.4952437749862835,6.174266347547158,1.0
697,8.292065787278643,2.4812346747550604,1.9540880701446584,9.016483136652512,3.6997835176430915,1.0
698,7.120309807098711,7.675178712880148,7.460564652542415,9.372399168316733,2.898889921917678,1.0
699,4.808940576100681,7.350517261862448,1.5574296433096269,5.994866204517672,4.609716903403488,1.0
700,7.986713690950351,0.862308657226386,8.29595985390671,6.1630301072352145,9.344151937022147,1.0
701,3.40291016119341,5.86254641765316,5.765154989647523,1.1434230046152938,1.3282472590851835,1.0
702,6.898596185760299,9.204724642762894,4.467794140592819,7.115558989002839,2.1252757527698165,1.0
703,4.459270700678553,9.997637670712033,5.308096175301067,7.137951148035894,9.267272925395485,1.0
704,5.256957674492453,1.2125633672086178,3.8807681733100385,6.481020984507663,8.568383523894607,1.0
705,2.48140020501899,8.416930149022331,2.5188622734715214,1.4651750016837939,0.03593603041362581,0.0
706,4.172122749523137,8.297886140255146,9.93865687253088,8.649636600573956,8.975319886809734,1.0
707,8.56538910477163,5.79870552733864,8.222919182987496,6.315668376703691,7.4458488155504385,1.0
708,0.6012972870746147,8.14561209731113,6.756873012103892,8.612080128493428,3.6682193097773466,1.0
709,2.251233440706708,0.23507452702614784,3.394698671267704,7.759472670236684,2.2569293726342843,1.0
710,3.1946334422253653,9.9334422209145,8.954972741291414,3.8544807953466966,8.082674171264792,1.0
711,0.0765437946790426,9.08942026990423,9.723359241135041,9.381497623997365,5.901167944332143,1.0
712,9.739311425922875,2.2222417002305095,4.281049772557745,9.941756143862806,6.0599068761954875,1.0
713,6.155411915432502,8.59091892386164,8.629522033986966,6.342867691414414,1.8581870939270972,1.0
714,1.4013279284553581,5.811093576163696,6.46947102329848,9.437188402442153,2.353593596535931,1.0
715,7.89229537526241,0.401147540490866,3.4211211259710095,9.377288811973713,9.29961038695873,1.0
716,3.4561480664163846,1.0785353873678993,9.183934272715076,4.073080223108104,5.944900313189255,1.0
717,2.321408832356023,8.766471454336777,2.23218346117935,1.0931823223954107,6.665965933476201,0.0
718,7.652410726969151,8.887514406361536,6.280870241995892,0.06334084955452624,3.2526980337264275,1.0
719,1.5538662724420527,0.6749518659996223,3.6246222932485237,2.1859509172953517,8.258254558406923,1.0
720,3.7882161667833083,8.906867513844404,5.34880416349167,0.8540681708892517,3.5685511303014152,1.0
721,9.91430515095299,1.724994763277391,7.077789616035731,9.077801810905072,5.413166384837158,1.0
722,9.29464909911487,1.6728337366048618,4.374933420052671,1.9425657498736826,7.89425534470288,1.0
723,4.2901222911315795,2.6239554838869914,1.9594786199978276,0.8942809269352903,1.4287498385581576,1.0
724,2.6864065275169526,3.0430697014835753,9.099938704042817,1.9360725778019416,9.684922511883205,1.0
725,8.416180322982218,4.279011902367456,3.3724400770755683,3.2844958345819695,3.8256008866325555,1.0
726,2.11066213340102,6.660987007553328,0.44057642240053596,2.1196955549601304,8.142766224473847,0.0
727,3.0521331539583985,8.90674584765584,2.877809686293933,9.018368522763865,1.0932532439198483,1.0
728,8.044072895719655,0.0746045219008673,5.70851817280758,9.769868597711477,2.04670820430643,1.0
729,6.724320048924069,9.11965868380496,4.067772220660682,3.4194345390578764,2.011436638516356,1.0
730,7.498597587442384,9.343216125205519,1.0382637140991469,5.799995882934253,5.875463755943711,0.0
731,8.400796432800773,5.300386206756378,0.20099403632007018,5.267389734174954,5.6938520040372484,1.0
732,5.516125448513208,3.45272440584107,7.304436490293197,1.7441070375617318,4.065010457729957,1.0
733,5.5006619952512565,7.493147918725031,0.07842995023603194,4.2640624696490566,7.608886195262602,0.0
734,8.756772473821217,1.157988818403033,0.6499857287279964,9.876398609242958,7.7661534432690535,1.0
735,5.5262783459812015,9.586374034555599,3.525530056076276,4.480834746886328,9.007294654841594,1.0
736,7.975057995201499,9.720735576658253,9.432403698304316,2.744270727286419,4.434075905502924,1.0
737,8.511256950156996,8.700966914183773,6.249685489063311,5.932491159631233,7.367648176242751,1.0
738,5.011713514050858,0.5695153212711745,8.095661659193226,3.9134414317850554,5.854786917090245,1.0
739,3.972744753591766,2.413897688458996,3.718089552014281,0.11701182592391501,0.6784810476145031,1.0
740,4.371061388376484,1.141717728132755,9.038194693636536,8.115330546770306,5.278330075890497,1.0
741,7.731557262036494,3.916106503020286,5.773298590083007,0.5946070588302477,0.8787506945479739,1.0
742,9.098430199581806,0.8875515103016163,3.995277955722613,4.035036793978225,9.97137104862469,1.0
743,6.43578624149243,9.056805876936723,4.097157254757874,3.4037524536998665,7.703333453488056,1.0
744,2.8411443526822744,2.0339581126583397,1.458281726658035,7.758998160258188,8.356726969578347,1.0
745,9.170219284611493,8.929896101358349,1.0818444266845095,2.9056730633961667,2.413318262616002,0.0
746,8.675956517022238,0.29770060383580543,7.519419039142509,9.155959995503324,7.280698962020068,1.0
747,6.98587046788756,7.714242528414445,4.013388398014854,0.06995348693117798,8.289385329382295,0.0
748,1.5875698865345544,9.666855607803319,7.6626871523625955,5.0552773296979066,7.46584820803434,1.0
749,4.670845728244953,3.142390058025426,3.946046546726587,5.68314025710899,4.024969750782265,1.0
750,1.4640230799961373,7.466364144033582,5.05718373572014,8.150848576612441,0.6896537340619024,1.0
751,5.971258021013823,2.3411452057123427,2.8917008672261977,8.531111207192549,9.171676436234481,1.0
752,2.891965697510148,1.0706023517472707,3.9397306667325003,1.3498722166639554,3.5319355327018687,1.0
753,7.444771970174706,9.371111662101999,5.513258593784764,3.688685528025447,4.787351352958837,1.0
754,0.02702760955849537,6.051747442063357,5.851435508600334,7.367044403336998,9.705137202112262,1.0
755,8.165322203168362,1.6467081310870546,0.28859501548279654,1.4166210510350874,6.744287844253025,0.0
756,9.466607833173473,2.5412306512916594,8.118122600647137,5.702726248330591,8.727594255835317,1.0
757,2.4557752250207407,0.028072060470263338,6.43531838004746,6.149688481583424,5.039004013294669,1.0
758,3.5200510589439435,2.04682813872242,8.220621299473452,5.46321741011707,7.672177751665824,1.0
759,4.814859651065401,1.4984619390119247,2.9217898442522983,1.8198832886854532,7.358039205083976,1.0
760,6.233292653449625,3.4937003345213578,2.988259791786029,8.351534102594817,6.911237134942768,1.0
761,1.734496582450098,1.1773573410616134,3.11739556507286,0.39045467152224234,4.94781990853911,1.0
762,1.2169837640749948,9.8692034798062,2.851390717479234,3.887729963342055,0.7857541522369094,0.0
763,6.5225160849860355,3.3025039314180296,0.6950030861604539,8.596333712668258,4.6479222746785815,1.0
764,4.774891090451127,2.6228762665789986,6.7931583804106745,2.6942420518975476,5.992951238358833,1.0
765,2.5783477388400056,3.845345339170688,2.222880426871423,3.979423194441829,8.136339824133625,1.0
766,3.3205721250522524,3.0833602221310352,9.015264138251073,4.159242483243729,9.20077645816957,1.0
767,1.5091777487999192,4.55971974469114,5.445938196216025,0.7946355884605949,6.979716914932964,1.0
768,7.006381794731418,3.5386852119446743,9.389415360856393,2.30904001914787,3.371525615122489,1.0
769,8.113222677532882,0.19307128966902787,7.417174810757315,4.232075387644686,3.9322960428361755,1.0
770,6.406478595920073,3.7697176779986687,3.015314832736683,9.299613827250392,1.3488742549079602,1.0
771,2.791428010297632,3.4261341379038566,2.976515014745095,2.6634816121297833,2.312175559460109,1.0
772,8.860315738466173,5.82015534700591,4.024419278375175,6.271015555677415,2.794117581969753,1.0
773,3.627606047236549,7.509992132962672,7.297875872322544,4.19351912933517,9.80751734772985,1.0
774,3.2435747653532774,5.965459844141158,8.272260634882269,9.535706952439016,0.5361986855465128,1.0
775,2.5222337505789714,5.05849842119969,2.8929835792206617,8.956225050879095,6.466582289432573,1.0
776,2.0705648585316796,9.96528364960433,2.8705578981586575,9.124420691355068,4.856476280455425,1.0
777,4.527715340484607,7.492597247404768,3.3468555557756305,1.1314295845482636,9.460174906910055,0.0
778,1.7535478854430542,9.55988715473406,9.018223131514949,7.255451838342742,8.913140024689493,1.0
779,4.4360369342466,4.149155507809632,5.849584305252812,2.7637058894216757,6.5000032374582,1.0
780,5.856066387809706,9.594653084916603,1.614017390569642,6.425011814089326,9.408336898983809,0.0
781,8.149940286439985,7.544960748076454,3.6577029288589333,1.6866906476711807,0.2633640625269451,1.0
782,2.4440928330462453,5.65590832948243,1.7152051717416017,8.814459058584621,6.619160253466644,1.0
783,3.785107700401581,2.0657298707621297,1.648044343281354,7.675670792816849,5.0228268181207305,1.0
784,5.322626464874042,8.590230597513285,8.3541589251044,1.1002080730658403,6.595433901363106,1.0
785,6.398500132729548,0.05830824279907887,5.265892678078741,1.2405704944450124,2.4364706990232543,1.0
786,7.242439188353188,2.222013086432404,3.6141398500726494,6.428352666388598,6.239523905182635,1.0
787,1.569525208114969,1.331399040736846,6.970635462409435,3.7483509988086707,5.321082344760825,1.0
788,9.544890510458075,7.604352311291567,0.19151698624985447,8.629337504594266,0.23971783697312343,1.0
789,9.004112494373635,3.895639211765227,8.432588874967857,6.069878180204614,3.6059457090265634,1.0
790,8.714466145462705,7.543959790483577,2.504490519499536,1.403731447114105,0.7823160211197089,1.0
791,8.902339031047534,9.287556010130501,0.488864855959954,9.573547387996332,2.600613706355679,1.0
792,5.426662902858398,9.333984339508529,9.359552069006119,2.990656195800927,2.327645274933791,1.0
793,3.1379621840982908,4.247641589399109,3.486819368565499,3.80878646668383,0.21843765769348322,1.0
794,4.601501287284356,6.302232099571777,2.6335780225474172,0.1501275026905602,7.936138646586278,0.0
795,5.970390379707431,5.47783903841585,4.595760480535207,4.759321018281575,4.8750828978722405,1.0
796,0.9036771583083725,1.6271606255763171,2.669371638635866,5.076170635478029,8.44304409347978,1.0
797,0.28346731459361396,3.6091042447868382,6.143870814906966,5.719590500240754,1.7671883813216505,1.0
798,3.7754712764180565,7.135420803477059,4.382615027238099,9.421260635344641,2.265237522265794,1.0
799,8.444111763040087,8.93894557261519,2.7477968194131295,8.275856930368528,5.2907912464883475,1.0
800,8.017222168136804,7.828437363630652,0.6473863417597736,1.6877462527651432,7.314928077387308,0.0
801,1.124683305192179,3.7553607683044277,7.092543021201065,9.993984004325524,6.476252532628205,1.0
802,6.1797997297992735,2.5292025750439304,0.08184022472370156,0.19202592057517398,3.0007120842980264,0.0
803,4.155164479354738,0.3087564487332173,5.988599286153594,0.563021846578764,2.7375645780237665,1.0
804,1.6143040213572346,1.2689987926428314,4.679235500943923,6.706090527661103,6.039282025755112,1.0
805,4.33555643986515,3.060305433102246,6.2393700829527985,7.39085272444996,7.992198435146825,1.0
806,0.8726380242074083,1.8190010289594005,3.0610685495700563,7.051657185420161,2.5173173443840593,1.0
807,8.327169517092894,2.601015593958522,4.481886633472751,9.55813658030784,6.166128528580497,1.0
808,4.407271853271158,8.630778209618846,9.925136535045283,6.295446595671374,8.185958257410324,1.0
809,9.615371907513795,7.333384469822217,8.89127260933111,4.183009794520124,6.499207658333384,1.0
810,2.3373651328799863,3.4072494759153082,1.0342767513193296,7.184637876113703,4.440615250132062,1.0
811,1.012683826405032,6.108506159163273,2.195470737589674,7.905279834260664,7.272843263234913,1.0
812,5.367300475953213,6.583471285751913,2.0574971824776247,6.129340430642946,1.4691500122133494,1.0
813,2.3535835236631266,0.6372597491010179,4.4155119629056605,5.256283744274154,9.61646015643149,1.0
814,3.0788481326988837,0.4573565139652547,4.465588948074082,4.456429179714048,0.02313357524948323,1.0
815,3.314428083410219,8.49247155820998,4.392811496838532,1.330039028448351,8.29696424267076,0.0
816,2.570233702214085,9.981361176393099,8.595290024073073,2.2319378988012737,9.853829262885904,1.0
817,2.5977490789915736,4.949225853057855,5.588258903093401,5.479421140118619,6.672853268833453,1.0
818,4.276096285296616,9.29046829465777,6.758835488404786,6.575658040878979,7.686253931496886,1.0
819,7.084618355079712,5.031112532051562,8.951027271790597,3.9477839560361394,8.777491896383076,1.0
820,8.217259253649438,0.5490974805250537,3.062625022977766,8.700206685517717,0.5919601754099124,1.0
821,7.084241619456561,7.07934519577894,0.001848646218971517,7.42448737481706,3.5314533228394165,1.0
822,8.343130741594848,0.7907717212938448,3.385373209434286,0.8464626997949742,8.060342598882883,1.0
823,1.2454294947432332,5.651985838350308,9.583462915016764,6.190998303616811,5.030911944545027,1.0
824,2.132075729575985,1.6646515164578979,0.8849904786660057,1.9698056766581995,4.123107552384047,0.0
825,9.81861343624253,1.200500364576399,2.2517558680754703,0.29169837921394715,9.311035667171259,1.0
826,4.805135936343772,0.4111080371103637,3.358302185929859,4.092235924075709,7.101880493132375,1.0
827,2.7151852664430343,4.065249614930004,3.2693236064441775,5.31910345919111,6.701784619443233,1.0
828,7.196792708953091,8.477023614759187,2.528261062195111,2.5149985023368826,9.690757915270556,0.0
829,1.95361861636405,5.379377516830646,9.530969212900425,4.199152148508659,9.588556094342051,1.0
830,6.816714973865636,1.551691840207271,7.385296618984993,0.6271638226740006,7.794085354666761,1.0
831,6.9255368291302695,7.937939164991075,1.5546047348571201,0.5864311851783655,1.302334302975201,0.0
832,9.07305929699164,4.228777381109107,3.9015200360319033,0.436454240250429,8.604587437097768,1.0
833,0.5442122437391217,7.027469446873944,8.604507429765778,3.8020277539611924,0.6856683890583326,1.0
834,6.551576249753063,0.35145089463078927,9.820638585859335,4.083733597035405,8.538967392062718,1.0
835,8.976905645666612,2.0673410226073727,6.620152650192097,2.426117323527208,2.488241729680195,1.0
836,2.586884344091632,4.621850894584842,2.6759905844105667,0.9469449952416198,6.530234355598407,0.0
837,6.950448462252777,6.265529644866163,8.373787212808452,8.036151688617611,8.259135008599763,1.0
838,9.42371145074891,9.02247726617506,8.224093414672875,4.761643259057978,1.642320466366144,1.0
839,6.0860017743782215,8.031734981162707,1.0169639715024825,9.403441594768807,1.6148452724356388,1.0
840,7.286408144006767,1.05823751841717,9.017052905292335,1.8010698578755657,0.5025916041646317,1.0
841,2.939694632924402,2.6375680421645353,9.557336941708282,8.300870362605664,9.232635001625603,1.0
842,9.935990644915359,5.681507760209346,2.423846933054942,1.473062119956452,2.9139094313108216,1.0
843,3.8026822706186048,6.037713345307198,2.377132686439528,5.844524787419115,4.234003254138466,1.0
844,5.025776449385906,1.572614406429722,1.7689829332167228,7.6139954108247565,4.405741975330866,1.0
845,9.884242322810792,0.018814554636436,4.866366371637372,4.720629515461223,4.2321196056981325,1.0
846,0.2967635285682235,9.099892547617344,8.048057362505523,3.2408038827853236,6.530480138826374,1.0
847,8.406825181975407,3.449671963614389,5.2109677072510685,6.575690240299701,5.907852727850278,1.0
848,4.243244509968825,8.50969479628644,9.825934602323132,0.6562102924152557,0.06764278971105542,1.0
849,7.110657429659788,0.6761012756280471,5.769715405856083,0.17375966935086473,9.40396496716668,1.0
850,6.301867288222194,5.163474842473108,5.203580574187678,6.86233382688683,7.055250925582878,1.0
851,4.509209131040679,6.706398121273686,6.47263232295759,2.741020589867774,5.217320455816578,1.0
852,3.621643943744255,5.324806815442224,2.622942467275713,1.2272085863937099,4.70749512722402,0.0
853,8.60068853929478,1.206629873443944,3.0023781979318933,8.954393332006918,8.787229302886963,1.0
854,8.788860789600793,0.38867087924186583,3.186944493589566,5.868832501040656,6.584844708028095,1.0
855,4.763466259214275,9.281287897396206,9.173168998243142,8.842466030050634,3.7767121981348173,1.0
856,2.250955903606846,0.830242895516804,4.772673648411191,8.54179257690584,9.270350642214568,1.0
857,2.6775172183330174,6.672562241492321,3.2336188168252833,1.8718359285662467,3.8668570060948038,1.0
858,0.09596990185252618,4.039617425399492,7.523177165902615,0.390521511550177,5.624106381566404,1.0
859,0.32986453610881816,6.545610604469174,2.9780698229675115,8.800492973517516,5.014765126363738,1.0
860,9.063362462912076,6.525350107174934,1.865031071511467,6.83666495087171,2.473925043572358,1.0
861,2.518587394383065,1.3250603625098445,7.528113131252879,4.269675648502474,1.6569920387076198,1.0
862,0.524802363454141,5.887463603853805,6.174089831957664,6.136121917053591,3.9921647284811046,1.0
863,0.5862765494106337,2.143443156695417,4.2027612000548356,7.71814866613337,6.423044000411597,1.0
864,8.466621703518332,7.85564500338816,6.473135364937187,4.971477434801076,5.796223076324801,1.0
865,8.87426818522438,2.969428532152145,0.4560252885985139,5.643929919930199,3.7557007991665845,1.0
866,5.96504230541269,4.223633590504209,4.845629743167306,1.4667954272154338,6.2490133970631305,1.0
867,4.65213228157494,8.045628479882538,8.238352359179391,3.8632214880086324,5.662759980793831,1.0
868,3.598892074532932,6.096487750839259,1.0602832291396158,9.416605952544597,9.606297770365027,1.0
869,8.163093967014362,8.32107721044047,0.7853553324232754,2.358491262809579,0.15959484561395176,0.0
870,4.86673923617637,2.949729002356869,9.273221927046588,3.785392996499035,4.991651304817475,1.0
871,8.944060610424948,6.723640738176906,1.4906368794538505,6.11266002135225,6.651163542525946,1.0
872,1.2668146368028166,4.4634256027637225,4.449944026766245,4.666682048352642,1.7820978205821203,1.0
873,4.593681578766286,7.499511984882611,4.865227778197366,0.7141158331314879,5.8836951971486515,1.0
874,4.995444079206104,5.965426906744408,7.429023366470547,3.79657810895747,8.123530900490604,1.0
875,8.340129583825686,2.4173975673946857,6.123610529457634,7.161646209015861,4.303713608029858,1.0
876,8.760872461085512,3.2473630542151612,2.8108396607314434,0.8224985213755531,9.134045837605935,1.0
877,4.28107937041704,7.259330276687318,1.3373788922098906,9.979757782302382,3.276127071031932,1.0
878,8.896375064172847,7.039202295135555,7.255812913571295,9.614329025351921,8.091091326371524,1.0
879,8.948163763876307,9.327323092247195,3.994551621693292,8.424969812782063,8.341588272385646,1.0
880,7.616707012358929,8.84556331342051,5.21328432226483,4.389344543453522,3.942445502818032,1.0
881,1.1310029084427087,3.066170202045618,8.149036506720108,9.400442707280092,9.291537126556356,1.0
882,5.5871489310111535,7.3760953828490825,8.636677649277466,0.16657973474552112,6.205351364735662,1.0
883,0.49090922040190277,4.169618696805211,1.0960888667081436,2.977897808249769,9.60798990786206,0.0
884,6.400567391367017,2.739746592518401,0.8557033171473982,1.7230697937857453,0.7998811223182034,1.0
885,1.6963466367134272,0.5795881904197908,4.0699388376155445,3.4111457418734012,2.0800246070314135,1.0
886,3.7490436058316945,9.963838212495414,2.604045344610506,6.9098729285213,1.5408555017927728,1.0
887,3.3420971415113887,3.1492471262616983,3.1143967243213186,8.35169133910686,0.41243333387598,1.0
888,0.6421864991400206,9.616166699618491,4.084843089579665,0.24735756720307478,6.181094704260604,0.0
889,5.798203683406815,4.051369429350041,1.609764635115014,3.216531086508405,9.319109130539866,0.0
890,9.66796551723021,9.501569846747138,7.960247103654403,3.2788446508459868,4.576207411719587,1.0
891,9.17586833198189,2.791345215590443,2.1060998275383436,4.7235537302453,8.811010839850574,1.0
892,1.0610975268232725,0.1337325634770692,1.0825452195570107,2.8743388404103443,4.9456250120687155,1.0
893,7.01612791194669,3.834290693166247,6.975142430996125,1.5346073688258366,7.02517119639198,1.0
894,7.111929671499814,2.327823058577616,1.2221761044340451,5.573083491243968,6.575222215501131,1.0
895,4.117635145191619,7.154601189187426,5.646668474603095,3.500103874187955,6.453870091422278,1.0
896,1.1092711116576703,2.246468529785285,0.1902395817969671,3.766908527761741,3.82589045168364,0.0
897,1.788944906840858,6.5816581659298805,2.7302054171112378,1.8435660666028397,7.485023762262396,0.0
898,6.271442492782634,3.4104358729010897,9.789281077351907,6.753690311891426,4.384943451748592,1.0
899,8.741154970305475,7.859950452127772,7.507422155640806,3.718994072970083,8.80146325711337,1.0
900,5.100733326891617,3.5939987370307214,0.9480382390095876,1.8420150639048871,9.07777422889646,0.0
901,1.6023655926200897,3.979216321538157,2.8239869851889656,9.394458318723633,0.4635127705319153,1.0
902,2.591128717208674,8.002472644252798,2.852055547145228,2.387986492436096,3.2120815001476033,0.0
903,2.5979893090065334,4.9553430080136485,9.296761771273607,5.1598286640752935,0.3028853046260893,1.0
904,2.4154931011732748,1.7185003050721115,9.108451127076421,7.6784278120227825,9.371992559518223,1.0
905,5.533113272143843,7.17536458787877,0.5835437678058963,7.9674307752863704,5.90890891080477,1.0
906,8.392647137999251,5.983023537463849,8.66413367951586,3.9685086442055075,2.9297975826924527,1.0
907,5.669426241296746,4.706311465962162,6.9744869423424785,5.158618818048653,5.531681172124031,1.0
908,1.7111141898003168,8.924362422902231,4.865274795697337,5.323970523257373,5.349332977951312,1.0
909,0.2621656925861282,3.9213403527530266,7.724452770265053,0.8975837924132035,9.692706505740354,1.0
910,0.35864994159958696,5.802724352036663,1.7786649328816206,3.611862238599123,5.729085863835324,0.0
911,0.8620843257522881,6.258205674696232,6.65329295337798,4.706621200626573,5.345229007701924,1.0
912,1.3611090237221302,6.214424694320676,5.0275436599726735,1.3313495310544488,0.5797999909908225,1.0
913,1.9067052535680218,4.263820064731378,9.760934592982492,5.727447139137503,0.1434303074285237,1.0
914,3.027946316787421,2.435011113222445,8.735544390969883,3.86366323093686,2.670894667753906,1.0
915,0.4894283365845775,6.6972466527377605,1.5540389626850215,7.745395366023664,3.6793113253966823,1.0
916,3.5106303398078174,8.54335280380494,4.1330169952765115,0.3024902573235222,5.843912869832605,0.0
917,5.435373289593901,5.921203828023838,9.868508618068915,8.341533412412108,0.33793476244082243,1.0
918,9.470932545502656,1.897679813303158,6.4333320687021445,4.602498389260871,0.3347500178876106,1.0
919,9.16983079130078,9.160357076314256,5.827652370969119,3.6617066289022873,5.4792732974897,1.0
920,7.2793273504443645,3.639947672908842,2.732528451840408,4.094148002648473,1.3001607045556696,1.0
921,9.515636708376382,6.046026549755713,0.9654541711458564,3.4411348330777436,6.5309174037235875,0.0
922,3.627411552007198,9.439405162230752,9.39290673543106,5.957493911818337,3.351714583846519,1.0
923,0.7402836547620395,1.6692289319211429,7.908329353370151,2.915212098319625,1.9279107263788176,1.0
924,1.2607776099338786,1.3110352366110578,4.146148235603545,9.677077889426034,5.259679025021434,1.0
925,2.9441828583697784,4.957997879303799,2.277946015534077,7.995141910273716,6.214982783067386,1.0
926,5.961428829163681,3.934801627955352,0.20885585770650583,2.8512286758032666,3.1429574715579776,0.0
927,0.6955746941461216,3.7988622910427927,7.610852217255766,8.288601392742903,9.242671371989617,1.0
928,2.535647740069434,8.681234640915731,2.588895043810775,9.676492964927977,1.1176896281855764,1.0
929,8.67884379400179,4.367730018578094,4.692636422911274,1.0030416516767682,0.14204090858518814,1.0
930,1.145786935332327,9.609495059077918,4.126785197559837,6.849768176630952,9.687612170843398,1.0
931,1.197323001042484,0.5603799093837647,3.603079233819977,3.1594547625463942,9.453488829394221,1.0
932,2.1513655082379457,1.1216611389636888,0.9235563445035078,5.09449642342623,8.005605312918055,1.0
933,5.347887690951573,0.039767991922042834,7.768178990873958,5.266609602046426,6.07930235174437,1.0
934,4.300481314203024,8.988931866044025,7.214172182677999,9.729794538197629,5.895019965362364,1.0
935,0.8724625381664053,9.73666795701299,8.72519888024329,2.3255047605967585,5.328552438182736,1.0
936,5.546810178122269,3.1456249400947103,4.115869118860655,2.0841747622419105,6.980954672125208,1.0
937,2.6661727464392437,4.7009251231452245,8.475074531039608,0.3830587305748012,6.696891207600561,1.0
938,1.9959016961659293,4.438990455918555,1.2142190270673003,2.3523849513816373,3.501917618632875,0.0
939,3.8468174940431266,3.690292530927053,4.253415616712183,6.329871795508931,0.7789549980421895,1.0
940,0.20134617465120463,8.411189209521483,5.702860209817828,2.1449329039280096,3.6682939170425133,1.0
941,6.3984604888012155,5.438925075900994,3.5932525244959432,1.3372226631284079,3.567816459364251,1.0
942,1.6196904261053202,8.73742838484272,0.5593670390068528,6.996373287013299,1.3260461910283516,0.0
943,4.982734989879759,3.6483309343506996,4.482994524642479,8.735837696253222,4.252209746646262,1.0
944,1.485154253593045,1.4587738565052177,3.2050278551042144,5.207040043504259,2.364412472074433,1.0
945,8.499906133859428,9.937086994490656,7.207904506625989,2.4447977968578574,9.735547371265458,1.0
946,2.876018427756314,7.929465337761784,7.1810243961626234,5.8521159695867375,2.993970705439196,1.0
947,7.9268416880895956,2.361247841750427,1.9073055906664693,4.275282667057809,7.752478882487477,1.0
948,7.027524170831812,7.314770756737649,9.079764839201044,1.9373969997916674,3.788168674718899,1.0
949,2.4531902838149513,2.832288085529698,4.923318150227152,0.4369034710403219,2.4533432033746183,1.0
950,6.933946443989731,9.951349347962154,8.031917083919563,2.9273483722338725,5.278957869923316,1.0
951,2.5653466524806836,1.7453691317885633,8.631965921718868,2.2670709938272307,3.3517789940525367,1.0
952,7.973986745663591,1.0762363821389653,9.863358207549558,9.088229796526674,6.485998549634554,1.0
953,6.347736750758914,1.3207679595213995,4.35327830580675,7.341637602767696,8.328968784888588,1.0
954,0.8069766196757677,7.472397311746644,4.629406902684325,7.458116856449801,2.100388270957012,1.0
955,7.002074824808265,2.3695597232693055,7.6845703832358625,5.1303810071298575,8.044258266425272,1.0
956,1.9957636301139359,5.522033448598394,9.973155167358682,2.9036186739976557,9.257949785019825,1.0
957,8.076852700137842,4.591331829932202,6.965459005878062,4.079683600560363,0.5224076435823544,1.0
958,5.445110815437033,3.2562249300315296,7.372411161490094,0.3002309585862606,4.485586965306708,1.0
959,9.295971968354223,4.665942782843285,6.951179356904395,5.9789654982830545,3.849997380733953,1.0
960,3.511619616306829,0.6655911709299067,8.34672274777854,4.634580455166393,1.9661258900891387,1.0
961,7.6029499462855865,4.153905540971184,8.235642516218945,5.388052076244709,5.9569019480211125,1.0
962,1.3702305801723957,5.04762146541845,8.16697137396796,4.492381929991388,6.18652104604635,1.0
963,2.8807277807848464,6.098631811743048,6.514006220976707,6.642496211290128,4.397691571076884,1.0
964,9.409051485089154,0.3286430688185027,3.506906041782644,6.165400321454847,9.952334452517347,1.0
965,0.10060738216177478,9.809567904535184,8.170157042701444,7.954715794877342,5.602512913385814,1.0
966,9.270855253556027,2.352040359176671,8.3746801107223,8.650183489822886,5.733807198881994,1.0
967,8.938719211543932,5.0997044710141335,7.027600163019958,1.1288020998471504,3.901301126760728,1.0
968,2.3364680359285828,0.7587405418869109,2.9978055956172858,3.3607494449102693,3.4869675723279037,1.0
969,1.6727793639880872,4.012843484716672,0.032645369972087446,4.015852028385357,7.75285627209067,0.0
970,1.7359559357237564,2.3975638262356957,2.5708077620299563,3.2564623448916716,3.5898880192443237,1.0
971,0.562819316627402,3.7304074193892065,8.314477396916685,1.0792409293121108,3.92564941472933,1.0
972,4.386017930761693,7.018861248378395,8.92266276725346,5.141128035772341,2.7618830479449032,1.0
973,2.715801264243197,1.2620622251900881,4.168223613006439,9.516348107761823,5.996063812418861,1.0
974,9.282579503786124,7.840036835437187,8.141332870110114,1.9034192219910273,0.08201576240241315,1.0
975,7.117978284449284,9.682387568905824,2.665727532890043,7.742382194936878,9.645558563748974,1.0
976,4.446272956669645,3.1025145176482805,6.961196456493534,4.376372559454708,9.572321755303875,1.0
977,1.6090350378959573,5.62419903894906,7.7937102537803735,9.609618512510869,9.36447593169558,1.0
978,7.846342851989466,5.097569928982218,0.16249533665647742,6.870466234855704,5.973476479473938,1.0
979,2.152954358544983,3.7063757647306153,3.382245426412729,6.732088845048859,2.5152264614541053,1.0
980,4.2393586371004774,8.881550046795548,7.197074401083424,8.906718747218491,9.877042429576607,1.0
981,9.19404972295141,1.2015180414455673,4.185825524361757,3.911166549511791,0.7217520351396978,1.0
982,8.707637472906056,8.974951155545712,8.463635283191739,2.8043429845942214,3.540275374695907,1.0
983,8.431307942332571,6.757315157646442,9.997290608328148,8.724567473823708,7.261803571717717,1.0
984,7.24108592351345,5.50268765452746,8.625032204897341,7.620986308183653,5.162720046405884,1.0
985,7.267436967863494,4.600422886007727,2.1714142390962654,4.874964841313584,4.202656982278453,1.0
986,8.325792410928663,7.48864029378216,2.747658608642849,1.8630806425781443,6.553192443984082,1.0
987,2.9055756567688107,6.462001442676382,0.13146907685879894,1.584385890062654,1.6123374635151677,0.0
988,8.837916530701474,9.413833608407286,7.116504325404146,1.9866967402764757,3.4744087717534864,1.0
989,2.695439787588627,4.462441515220701,5.894272987263163,7.43101004250156,4.443807638575069,1.0
990,9.973927991889688,9.057244188624407,3.811928499815791,9.77054605396064,3.8448070247720767,1.0
991,1.5869474407480721,7.305267938902659,6.85209022555637,6.173249933978892,1.9963918101548273,1.0
992,2.636517964745264,0.03927154335297223,4.859486538162246,2.588883352975173,8.550328333238493,1.0
993,5.5450777908739814,7.749717881005802,2.8009891931594444,2.9459907139482944,2.3429929939390313,1.0
994,3.161698347612245,9.79444853753552,4.770816884779974,7.584451806704696,4.589462017766271,1.0
995,9.582217940659161,6.963078889380181,4.961650148224635,9.926034214233235,2.368622147085687,1.0
996,5.286384208520434,2.0136172295360275,0.9584897289857597,5.339711242645504,9.524050780877273,1.0
997,4.3820487908287165,7.528368893361208,3.8186952007258315,4.294457717648291,7.056909027094168,1.0
998,3.945788731504255,3.5886046545052688,1.4261898926979832,3.6738358736705354,4.035482284418766,1.0
999,5.697948756729789,0.19677474442063914,6.890366018241748,1.3649936477843638,3.983337305295956,1.0
